"File","SampleRate","Channels","Layout"
"D:\Three-D-Velocity\TDV\Three-D-Velocity-Binaries\s\n\ns\0.wav","44100","2","unknown"
"D:\Three-D-Velocity\TDV\Three-D-Velocity-Binaries\s\n\ns\1.wav","44100","2","unknown"
"D:\Three-D-Velocity\TDV\Three-D-Velocity-Binaries\s\n\ns\10.wav","44100","2","unknown"
"D:\Three-D-Velocity\TDV\Three-D-Velocity-Binaries\s\n\ns\100.wav","44100","2","unknown"
"D:\Three-D-Velocity\TDV\Three-D-Velocity-Binaries\s\n\ns\1000.wav","44100","2","unknown"
"D:\Three-D-Velocity\TDV\Three-D-Velocity-Binaries\s\n\ns\1000000.wav","44100","2","unknown"
"D:\Three-D-Velocity\TDV\Three-D-Velocity-Binaries\s\n\ns\11.wav","44100","2","unknown"
"D:\Three-D-Velocity\TDV\Three-D-Velocity-Binaries\s\n\ns\12.wav","44100","2","unknown"
"D:\Three-D-Velocity\TDV\Three-D-Velocity-Binaries\s\n\ns\13.wav","44100","2","unknown"
"D:\Three-D-Velocity\TDV\Three-D-Velocity-Binaries\s\n\ns\14.wav","44100","2","unknown"
"D:\Three-D-Velocity\TDV\Three-D-Velocity-Binaries\s\n\ns\15.wav","44100","2","unknown"
"D:\Three-D-Velocity\TDV\Three-D-Velocity-Binaries\s\n\ns\16.wav","44100","2","unknown"
"D:\Three-D-Velocity\TDV\Three-D-Velocity-Binaries\s\n\ns\17.wav","44100","2","unknown"
"D:\Three-D-Velocity\TDV\Three-D-Velocity-Binaries\s\n\ns\18.wav","44100","2","unknown"
"D:\Three-D-Velocity\TDV\Three-D-Velocity-Binaries\s\n\ns\19.wav","44100","2","unknown"
"D:\Three-D-Velocity\TDV\Three-D-Velocity-Binaries\s\n\ns\2.wav","44100","2","unknown"
"D:\Three-D-Velocity\TDV\Three-D-Velocity-Binaries\s\n\ns\20.wav","44100","2","unknown"
"D:\Three-D-Velocity\TDV\Three-D-Velocity-Binaries\s\n\ns\3.wav","44100","2","unknown"
"D:\Three-D-Velocity\TDV\Three-D-Velocity-Binaries\s\n\ns\30.wav","44100","2","unknown"
"D:\Three-D-Velocity\TDV\Three-D-Velocity-Binaries\s\n\ns\4.wav","44100","2","unknown"
"D:\Three-D-Velocity\TDV\Three-D-Velocity-Binaries\s\n\ns\40.wav","44100","2","unknown"
"D:\Three-D-Velocity\TDV\Three-D-Velocity-Binaries\s\n\ns\5.wav","44100","2","unknown"
"D:\Three-D-Velocity\TDV\Three-D-Velocity-Binaries\s\n\ns\50.wav","44100","2","unknown"
"D:\Three-D-Velocity\TDV\Three-D-Velocity-Binaries\s\n\ns\6.wav","44100","2","unknown"
"D:\Three-D-Velocity\TDV\Three-D-Velocity-Binaries\s\n\ns\60.wav","44100","2","unknown"
"D:\Three-D-Velocity\TDV\Three-D-Velocity-Binaries\s\n\ns\7.wav","44100","2","unknown"
"D:\Three-D-Velocity\TDV\Three-D-Velocity-Binaries\s\n\ns\70.wav","44100","2","unknown"
"D:\Three-D-Velocity\TDV\Three-D-Velocity-Binaries\s\n\ns\8.wav","44100","2","unknown"
"D:\Three-D-Velocity\TDV\Three-D-Velocity-Binaries\s\n\ns\80.wav","44100","2","unknown"
"D:\Three-D-Velocity\TDV\Three-D-Velocity-Binaries\s\n\ns\9.wav","44100","2","unknown"
"D:\Three-D-Velocity\TDV\Three-D-Velocity-Binaries\s\n\ns\90.wav","44100","2","unknown"
"D:\Three-D-Velocity\TDV\Three-D-Velocity-Binaries\s\n\ns\and.wav","44100","2","unknown"
"D:\Three-D-Velocity\TDV\Three-D-Velocity-Binaries\s\n\ns\n-.wav","44100","2","unknown"
"D:\Three-D-Velocity\TDV\Three-D-Velocity-Binaries\s\n\ns\n0.wav","44100","2","unknown"
"D:\Three-D-Velocity\TDV\Three-D-Velocity-Binaries\s\n\ns\n1.wav","44100","2","unknown"
"D:\Three-D-Velocity\TDV\Three-D-Velocity-Binaries\s\n\ns\n10.wav","44100","2","unknown"
"D:\Three-D-Velocity\TDV\Three-D-Velocity-Binaries\s\n\ns\n100.wav","44100","2","unknown"
"D:\Three-D-Velocity\TDV\Three-D-Velocity-Binaries\s\n\ns\n1000.wav","44100","2","unknown"
"D:\Three-D-Velocity\TDV\Three-D-Velocity-Binaries\s\n\ns\n1000000.wav","44100","2","unknown"
"D:\Three-D-Velocity\TDV\Three-D-Velocity-Binaries\s\n\ns\n1000000000.wav","44100","2","unknown"
"D:\Three-D-Velocity\TDV\Three-D-Velocity-Binaries\s\n\ns\n11.wav","44100","2","unknown"
"D:\Three-D-Velocity\TDV\Three-D-Velocity-Binaries\s\n\ns\n12.wav","44100","2","unknown"
"D:\Three-D-Velocity\TDV\Three-D-Velocity-Binaries\s\n\ns\n13.wav","44100","2","unknown"
"D:\Three-D-Velocity\TDV\Three-D-Velocity-Binaries\s\n\ns\n14.wav","44100","2","unknown"
"D:\Three-D-Velocity\TDV\Three-D-Velocity-Binaries\s\n\ns\n15.wav","44100","2","unknown"
"D:\Three-D-Velocity\TDV\Three-D-Velocity-Binaries\s\n\ns\n16.wav","44100","2","unknown"
"D:\Three-D-Velocity\TDV\Three-D-Velocity-Binaries\s\n\ns\n17.wav","44100","2","unknown"
"D:\Three-D-Velocity\TDV\Three-D-Velocity-Binaries\s\n\ns\n18.wav","44100","2","unknown"
"D:\Three-D-Velocity\TDV\Three-D-Velocity-Binaries\s\n\ns\n19.wav","44100","2","unknown"
"D:\Three-D-Velocity\TDV\Three-D-Velocity-Binaries\s\n\ns\n2.wav","44100","2","unknown"
"D:\Three-D-Velocity\TDV\Three-D-Velocity-Binaries\s\n\ns\n20.wav","44100","2","unknown"
"D:\Three-D-Velocity\TDV\Three-D-Velocity-Binaries\s\n\ns\n3.wav","44100","2","unknown"
"D:\Three-D-Velocity\TDV\Three-D-Velocity-Binaries\s\n\ns\n30.wav","44100","2","unknown"
"D:\Three-D-Velocity\TDV\Three-D-Velocity-Binaries\s\n\ns\n4.wav","44100","2","unknown"
"D:\Three-D-Velocity\TDV\Three-D-Velocity-Binaries\s\n\ns\n40.wav","44100","2","unknown"
"D:\Three-D-Velocity\TDV\Three-D-Velocity-Binaries\s\n\ns\n5.wav","44100","2","unknown"
"D:\Three-D-Velocity\TDV\Three-D-Velocity-Binaries\s\n\ns\n50.wav","44100","2","unknown"
"D:\Three-D-Velocity\TDV\Three-D-Velocity-Binaries\s\n\ns\n6.wav","44100","2","unknown"
"D:\Three-D-Velocity\TDV\Three-D-Velocity-Binaries\s\n\ns\n60.wav","44100","2","unknown"
"D:\Three-D-Velocity\TDV\Three-D-Velocity-Binaries\s\n\ns\n7.wav","44100","2","unknown"
"D:\Three-D-Velocity\TDV\Three-D-Velocity-Binaries\s\n\ns\n70.wav","44100","2","unknown"
"D:\Three-D-Velocity\TDV\Three-D-Velocity-Binaries\s\n\ns\n8.wav","44100","2","unknown"
"D:\Three-D-Velocity\TDV\Three-D-Velocity-Binaries\s\n\ns\n80.wav","44100","2","unknown"
"D:\Three-D-Velocity\TDV\Three-D-Velocity-Binaries\s\n\ns\n9.wav","44100","2","unknown"
"D:\Three-D-Velocity\TDV\Three-D-Velocity-Binaries\s\n\ns\n90.wav","44100","2","unknown"
"D:\Three-D-Velocity\TDV\Three-D-Velocity-Binaries\s\n\ns\npoint.wav","44100","2","unknown"
"D:\Three-D-Velocity\TDV\Three-D-Velocity-Binaries\s\n\10o.wav","44100","2","unknown"
"D:\Three-D-Velocity\TDV\Three-D-Velocity-Binaries\s\n\11o.wav","44100","2","unknown"
"D:\Three-D-Velocity\TDV\Three-D-Velocity-Binaries\s\n\12o.wav","44100","2","unknown"
"D:\Three-D-Velocity\TDV\Three-D-Velocity-Binaries\s\n\1o.wav","44100","2","unknown"
"D:\Three-D-Velocity\TDV\Three-D-Velocity-Binaries\s\n\2o.wav","44100","2","unknown"
"D:\Three-D-Velocity\TDV\Three-D-Velocity-Binaries\s\n\3o.wav","44100","2","unknown"
"D:\Three-D-Velocity\TDV\Three-D-Velocity-Binaries\s\n\4o.wav","44100","2","unknown"
"D:\Three-D-Velocity\TDV\Three-D-Velocity-Binaries\s\n\5o.wav","44100","2","unknown"
"D:\Three-D-Velocity\TDV\Three-D-Velocity-Binaries\s\n\6o.wav","44100","2","unknown"
"D:\Three-D-Velocity\TDV\Three-D-Velocity-Binaries\s\n\7o.wav","44100","2","unknown"
"D:\Three-D-Velocity\TDV\Three-D-Velocity-Binaries\s\n\8o.wav","44100","2","unknown"
"D:\Three-D-Velocity\TDV\Three-D-Velocity-Binaries\s\n\9o.wav","44100","2","unknown"
"D:\Three-D-Velocity\TDV\Three-D-Velocity-Binaries\s\n\a1.wav","44100","2","unknown"
"D:\Three-D-Velocity\TDV\Three-D-Velocity-Binaries\s\n\a2.wav","44100","2","unknown"
"D:\Three-D-Velocity\TDV\Three-D-Velocity-Binaries\s\n\a3.wav","44100","2","unknown"
"D:\Three-D-Velocity\TDV\Three-D-Velocity-Binaries\s\n\a4.wav","44100","2","unknown"
"D:\Three-D-Velocity\TDV\Three-D-Velocity-Binaries\s\n\ab.wav","44100","2","unknown"
"D:\Three-D-Velocity\TDV\Three-D-Velocity-Binaries\s\n\above.wav","44100","2","unknown"
"D:\Three-D-Velocity\TDV\Three-D-Velocity-Binaries\s\n\abt.wav","44100","2","unknown"
"D:\Three-D-Velocity\TDV\Three-D-Velocity-Binaries\s\n\ac.wav","44100","2","unknown"
"D:\Three-D-Velocity\TDV\Three-D-Velocity-Binaries\s\n\and.wav","44100","2","unknown"
"D:\Three-D-Velocity\TDV\Three-D-Velocity-Binaries\s\n\and2.wav","44100","2","unknown"
"D:\Three-D-Velocity\TDV\Three-D-Velocity-Binaries\s\n\as.wav","44100","2","unknown"
"D:\Three-D-Velocity\TDV\Three-D-Velocity-Binaries\s\n\aspec.wav","44100","2","unknown"
"D:\Three-D-Velocity\TDV\Three-D-Velocity-Binaries\s\n\at.wav","44100","2","unknown"
"D:\Three-D-Velocity\TDV\Three-D-Velocity-Binaries\s\n\b.wav","44100","2","unknown"
"D:\Three-D-Velocity\TDV\Three-D-Velocity-Binaries\s\n\below.wav","44100","2","unknown"
"D:\Three-D-Velocity\TDV\Three-D-Velocity-Binaries\s\n\bs.wav","44100","2","unknown"
"D:\Three-D-Velocity\TDV\Three-D-Velocity-Binaries\s\n\bt.wav","44100","2","unknown"
"D:\Three-D-Velocity\TDV\Three-D-Velocity-Binaries\s\n\c.wav","44100","2","unknown"
"D:\Three-D-Velocity\TDV\Three-D-Velocity-Binaries\s\n\c1.wav","44100","2","unknown"
"D:\Three-D-Velocity\TDV\Three-D-Velocity-Binaries\s\n\c2.wav","44100","2","unknown"
"D:\Three-D-Velocity\TDV\Three-D-Velocity-Binaries\s\n\c3.wav","44100","2","unknown"
"D:\Three-D-Velocity\TDV\Three-D-Velocity-Binaries\s\n\c4.wav","44100","2","unknown"
"D:\Three-D-Velocity\TDV\Three-D-Velocity-Binaries\s\n\cd1.wav","44100","2","unknown"
"D:\Three-D-Velocity\TDV\Three-D-Velocity-Binaries\s\n\cd2.wav","44100","2","unknown"
"D:\Three-D-Velocity\TDV\Three-D-Velocity-Binaries\s\n\cf.wav","44100","2","unknown"
"D:\Three-D-Velocity\TDV\Three-D-Velocity-Binaries\s\n\cn.wav","44100","2","unknown"
"D:\Three-D-Velocity\TDV\Three-D-Velocity-Binaries\s\n\d1.wav","44100","2","unknown"
"D:\Three-D-Velocity\TDV\Three-D-Velocity-Binaries\s\n\d2.wav","44100","2","unknown"
"D:\Three-D-Velocity\TDV\Three-D-Velocity-Binaries\s\n\d3.wav","44100","2","unknown"
"D:\Three-D-Velocity\TDV\Three-D-Velocity-Binaries\s\n\d4.wav","44100","2","unknown"
"D:\Three-D-Velocity\TDV\Three-D-Velocity-Binaries\s\n\db.wav","44100","2","unknown"
"D:\Three-D-Velocity\TDV\Three-D-Velocity-Binaries\s\n\deathmatch.wav","44100","2","unknown"
"D:\Three-D-Velocity\TDV\Three-D-Velocity-Binaries\s\n\dps.wav","44100","2","unknown"
"D:\Three-D-Velocity\TDV\Three-D-Velocity-Binaries\s\n\dsps.wav","44100","2","unknown"
"D:\Three-D-Velocity\TDV\Three-D-Velocity-Binaries\s\n\enr.wav","44100","2","unknown"
"D:\Three-D-Velocity\TDV\Three-D-Velocity-Binaries\s\n\ens.wav","44100","2","unknown"
"D:\Three-D-Velocity\TDV\Three-D-Velocity-Binaries\s\n\es.wav","44100","2","unknown"
"D:\Three-D-Velocity\TDV\Three-D-Velocity-Binaries\s\n\f1.wav","44100","2","unknown"
"D:\Three-D-Velocity\TDV\Three-D-Velocity-Binaries\s\n\f2.wav","44100","2","unknown"
"D:\Three-D-Velocity\TDV\Three-D-Velocity-Binaries\s\n\f3.wav","44100","2","unknown"
"D:\Three-D-Velocity\TDV\Three-D-Velocity-Binaries\s\n\f4.wav","44100","2","unknown"
"D:\Three-D-Velocity\TDV\Three-D-Velocity-Binaries\s\n\f5.wav","44100","2","unknown"
"D:\Three-D-Velocity\TDV\Three-D-Velocity-Binaries\s\n\f6.wav","44100","2","unknown"
"D:\Three-D-Velocity\TDV\Three-D-Velocity-Binaries\s\n\feet.wav","44100","2","unknown"
"D:\Three-D-Velocity\TDV\Three-D-Velocity-Binaries\s\n\ffbd.ogg","44100","2","stereo"
"D:\Three-D-Velocity\TDV\Three-D-Velocity-Binaries\s\n\fifth.wav","44100","2","unknown"
"D:\Three-D-Velocity\TDV\Three-D-Velocity-Binaries\s\n\first.wav","44100","2","unknown"
"D:\Three-D-Velocity\TDV\Three-D-Velocity-Binaries\s\n\fourth.wav","44100","2","unknown"
"D:\Three-D-Velocity\TDV\Three-D-Velocity-Binaries\s\n\fpm.wav","44100","2","unknown"
"D:\Three-D-Velocity\TDV\Three-D-Velocity-Binaries\s\n\gce.wav","44100","2","unknown"
"D:\Three-D-Velocity\TDV\Three-D-Velocity-Binaries\s\n\gt.wav","44100","2","unknown"
"D:\Three-D-Velocity\TDV\Three-D-Velocity-Binaries\s\n\i.wav","44100","2","unknown"
"D:\Three-D-Velocity\TDV\Three-D-Velocity-Binaries\s\n\i0.wav","44100","2","unknown"
"D:\Three-D-Velocity\TDV\Three-D-Velocity-Binaries\s\n\i1.wav","44100","2","unknown"
"D:\Three-D-Velocity\TDV\Three-D-Velocity-Binaries\s\n\ig.wav","44100","2","unknown"
"D:\Three-D-Velocity\TDV\Three-D-Velocity-Binaries\s\n\int.wav","44100","2","unknown"
"D:\Three-D-Velocity\TDV\Three-D-Velocity-Binaries\s\n\is.wav","44100","2","unknown"
"D:\Three-D-Velocity\TDV\Three-D-Velocity-Binaries\s\n\island.wav","44100","2","unknown"
"D:\Three-D-Velocity\TDV\Three-D-Velocity-Binaries\s\n\j.wav","44100","2","unknown"
"D:\Three-D-Velocity\TDV\Three-D-Velocity-Binaries\s\n\js1.ogg","44100","2","stereo"
"D:\Three-D-Velocity\TDV\Three-D-Velocity-Binaries\s\n\js2.ogg","44100","2","stereo"
"D:\Three-D-Velocity\TDV\Three-D-Velocity-Binaries\s\n\js3.ogg","44100","2","stereo"
"D:\Three-D-Velocity\TDV\Three-D-Velocity-Binaries\s\n\kd1.wav","44100","2","unknown"
"D:\Three-D-Velocity\TDV\Three-D-Velocity-Binaries\s\n\kd2.wav","44100","2","unknown"
"D:\Three-D-Velocity\TDV\Three-D-Velocity-Binaries\s\n\kd3.wav","44100","2","unknown"
"D:\Three-D-Velocity\TDV\Three-D-Velocity-Binaries\s\n\kd4.wav","44100","2","unknown"
"D:\Three-D-Velocity\TDV\Three-D-Velocity-Binaries\s\n\kd5.wav","44100","2","unknown"
"D:\Three-D-Velocity\TDV\Three-D-Velocity-Binaries\s\n\keymap1.wav","44100","2","unknown"
"D:\Three-D-Velocity\TDV\Three-D-Velocity-Binaries\s\n\keymap10.wav","44100","2","unknown"
"D:\Three-D-Velocity\TDV\Three-D-Velocity-Binaries\s\n\keymap11.wav","44100","2","unknown"
"D:\Three-D-Velocity\TDV\Three-D-Velocity-Binaries\s\n\keymap12.wav","44100","2","unknown"
"D:\Three-D-Velocity\TDV\Three-D-Velocity-Binaries\s\n\keymap13.wav","44100","2","unknown"
"D:\Three-D-Velocity\TDV\Three-D-Velocity-Binaries\s\n\keymap14.wav","44100","2","unknown"
"D:\Three-D-Velocity\TDV\Three-D-Velocity-Binaries\s\n\keymap15.wav","44100","2","unknown"
"D:\Three-D-Velocity\TDV\Three-D-Velocity-Binaries\s\n\keymap16.wav","44100","2","unknown"
"D:\Three-D-Velocity\TDV\Three-D-Velocity-Binaries\s\n\keymap17.wav","44100","2","unknown"
"D:\Three-D-Velocity\TDV\Three-D-Velocity-Binaries\s\n\keymap18.wav","44100","2","unknown"
"D:\Three-D-Velocity\TDV\Three-D-Velocity-Binaries\s\n\keymap19.wav","44100","2","unknown"
"D:\Three-D-Velocity\TDV\Three-D-Velocity-Binaries\s\n\keymap2.wav","44100","2","unknown"
"D:\Three-D-Velocity\TDV\Three-D-Velocity-Binaries\s\n\keymap20.wav","44100","2","unknown"
"D:\Three-D-Velocity\TDV\Three-D-Velocity-Binaries\s\n\keymap21.wav","44100","2","unknown"
"D:\Three-D-Velocity\TDV\Three-D-Velocity-Binaries\s\n\keymap22.wav","44100","2","unknown"
"D:\Three-D-Velocity\TDV\Three-D-Velocity-Binaries\s\n\keymap23.wav","44100","2","unknown"
"D:\Three-D-Velocity\TDV\Three-D-Velocity-Binaries\s\n\keymap24.wav","44100","2","unknown"
"D:\Three-D-Velocity\TDV\Three-D-Velocity-Binaries\s\n\keymap25.wav","44100","2","unknown"
"D:\Three-D-Velocity\TDV\Three-D-Velocity-Binaries\s\n\keymap26.wav","44100","2","unknown"
"D:\Three-D-Velocity\TDV\Three-D-Velocity-Binaries\s\n\keymap27.wav","44100","2","unknown"
"D:\Three-D-Velocity\TDV\Three-D-Velocity-Binaries\s\n\keymap28.wav","44100","2","unknown"
"D:\Three-D-Velocity\TDV\Three-D-Velocity-Binaries\s\n\keymap29.wav","44100","2","unknown"
"D:\Three-D-Velocity\TDV\Three-D-Velocity-Binaries\s\n\keymap3.wav","44100","2","unknown"
"D:\Three-D-Velocity\TDV\Three-D-Velocity-Binaries\s\n\keymap30.wav","44100","2","unknown"
"D:\Three-D-Velocity\TDV\Three-D-Velocity-Binaries\s\n\keymap31.wav","44100","2","unknown"
"D:\Three-D-Velocity\TDV\Three-D-Velocity-Binaries\s\n\keymap32.wav","44100","2","unknown"
"D:\Three-D-Velocity\TDV\Three-D-Velocity-Binaries\s\n\keymap33.wav","44100","2","unknown"
"D:\Three-D-Velocity\TDV\Three-D-Velocity-Binaries\s\n\keymap4.wav","44100","2","unknown"
"D:\Three-D-Velocity\TDV\Three-D-Velocity-Binaries\s\n\keymap5.wav","44100","2","unknown"
"D:\Three-D-Velocity\TDV\Three-D-Velocity-Binaries\s\n\keymap6.wav","44100","2","unknown"
"D:\Three-D-Velocity\TDV\Three-D-Velocity-Binaries\s\n\keymap7.wav","44100","2","unknown"
"D:\Three-D-Velocity\TDV\Three-D-Velocity-Binaries\s\n\keymap8.wav","44100","2","unknown"
"D:\Three-D-Velocity\TDV\Three-D-Velocity-Binaries\s\n\keymap9.wav","44100","2","unknown"
"D:\Three-D-Velocity\TDV\Three-D-Velocity-Binaries\s\n\ki.wav","44100","2","unknown"
"D:\Three-D-Velocity\TDV\Three-D-Velocity-Binaries\s\n\kme.ogg","44100","2","stereo"
"D:\Three-D-Velocity\TDV\Three-D-Velocity-Binaries\s\n\kmp1.ogg","44100","2","stereo"
"D:\Three-D-Velocity\TDV\Three-D-Velocity-Binaries\s\n\kmp2.ogg","44100","2","stereo"
"D:\Three-D-Velocity\TDV\Three-D-Velocity-Binaries\s\n\kmp3.ogg","44100","2","stereo"
"D:\Three-D-Velocity\TDV\Three-D-Velocity-Binaries\s\n\knots.wav","44100","2","unknown"
"D:\Three-D-Velocity\TDV\Three-D-Velocity-Binaries\s\n\kp1.wav","44100","2","unknown"
"D:\Three-D-Velocity\TDV\Three-D-Velocity-Binaries\s\n\kp2.wav","44100","2","unknown"
"D:\Three-D-Velocity\TDV\Three-D-Velocity-Binaries\s\n\lb.wav","44100","2","unknown"
"D:\Three-D-Velocity\TDV\Three-D-Velocity-Binaries\s\n\ld1.ogg","44100","2","stereo"
"D:\Three-D-Velocity\TDV\Three-D-Velocity-Binaries\s\n\ld2.ogg","44100","2","stereo"
"D:\Three-D-Velocity\TDV\Three-D-Velocity-Binaries\s\n\ld3.wav","44100","2","unknown"
"D:\Three-D-Velocity\TDV\Three-D-Velocity-Binaries\s\n\ld4.wav","44100","2","unknown"
"D:\Three-D-Velocity\TDV\Three-D-Velocity-Binaries\s\n\ldne.wav","44100","2","unknown"
"D:\Three-D-Velocity\TDV\Three-D-Velocity-Binaries\s\n\lerr.wav","44100","2","unknown"
"D:\Three-D-Velocity\TDV\Three-D-Velocity-Binaries\s\n\l_1.wav","44100","2","unknown"
"D:\Three-D-Velocity\TDV\Three-D-Velocity-Binaries\s\n\l_2.wav","44100","2","unknown"
"D:\Three-D-Velocity\TDV\Three-D-Velocity-Binaries\s\n\l_3.wav","44100","2","unknown"
"D:\Three-D-Velocity\TDV\Three-D-Velocity-Binaries\s\n\mainmenu_1.wav","44100","2","unknown"
"D:\Three-D-Velocity\TDV\Three-D-Velocity-Binaries\s\n\mainmenu_2.wav","44100","2","unknown"
"D:\Three-D-Velocity\TDV\Three-D-Velocity-Binaries\s\n\mainmenu_2_1.wav","44100","2","unknown"
"D:\Three-D-Velocity\TDV\Three-D-Velocity-Binaries\s\n\mainmenu_2_2.wav","44100","2","unknown"
"D:\Three-D-Velocity\TDV\Three-D-Velocity-Binaries\s\n\mainmenu_2_3.wav","44100","2","unknown"
"D:\Three-D-Velocity\TDV\Three-D-Velocity-Binaries\s\n\mainmenu_2_4.wav","44100","2","unknown"
"D:\Three-D-Velocity\TDV\Three-D-Velocity-Binaries\s\n\mainmenu_2_5.wav","44100","2","unknown"
"D:\Three-D-Velocity\TDV\Three-D-Velocity-Binaries\s\n\mainmenu_2_6.wav","44100","2","unknown"
"D:\Three-D-Velocity\TDV\Three-D-Velocity-Binaries\s\n\mainmenu_3.wav","44100","2","unknown"
"D:\Three-D-Velocity\TDV\Three-D-Velocity-Binaries\s\n\mainmenu_4.wav","44100","2","unknown"
"D:\Three-D-Velocity\TDV\Three-D-Velocity-Binaries\s\n\mainmenu_5.wav","44100","2","unknown"
"D:\Three-D-Velocity\TDV\Three-D-Velocity-Binaries\s\n\mainmenu_5_1.wav","44100","2","unknown"
"D:\Three-D-Velocity\TDV\Three-D-Velocity-Binaries\s\n\mainmenu_5_1_1.wav","44100","2","unknown"
"D:\Three-D-Velocity\TDV\Three-D-Velocity-Binaries\s\n\mainmenu_5_1_2.wav","44100","2","unknown"
"D:\Three-D-Velocity\TDV\Three-D-Velocity-Binaries\s\n\mainmenu_5_1_i.wav","44100","2","unknown"
"D:\Three-D-Velocity\TDV\Three-D-Velocity-Binaries\s\n\mainmenu_5_2.wav","44100","2","unknown"
"D:\Three-D-Velocity\TDV\Three-D-Velocity-Binaries\s\n\mainmenu_5_3.wav","44100","2","unknown"
"D:\Three-D-Velocity\TDV\Three-D-Velocity-Binaries\s\n\mainmenu_5_3_1.wav","44100","2","unknown"
"D:\Three-D-Velocity\TDV\Three-D-Velocity-Binaries\s\n\mainmenu_5_3_2.wav","44100","2","unknown"
"D:\Three-D-Velocity\TDV\Three-D-Velocity-Binaries\s\n\mainmenu_5_3_3.wav","44100","2","unknown"
"D:\Three-D-Velocity\TDV\Three-D-Velocity-Binaries\s\n\mainmenu_5_3_i.wav","44100","2","unknown"
"D:\Three-D-Velocity\TDV\Three-D-Velocity-Binaries\s\n\mainmenu_5_4.wav","44100","2","unknown"
"D:\Three-D-Velocity\TDV\Three-D-Velocity-Binaries\s\n\mainmenu_5_4_1.wav","44100","2","unknown"
"D:\Three-D-Velocity\TDV\Three-D-Velocity-Binaries\s\n\mainmenu_5_4_2.wav","44100","2","unknown"
"D:\Three-D-Velocity\TDV\Three-D-Velocity-Binaries\s\n\mainmenu_5_4_i.wav","44100","2","unknown"
"D:\Three-D-Velocity\TDV\Three-D-Velocity-Binaries\s\n\mainmenu_6.wav","44100","2","unknown"
"D:\Three-D-Velocity\TDV\Three-D-Velocity-Binaries\s\n\mainmenu_6_i.wav","44100","2","unknown"
"D:\Three-D-Velocity\TDV\Three-D-Velocity-Binaries\s\n\mainmenu_6_ij.wav","44100","2","unknown"
"D:\Three-D-Velocity\TDV\Three-D-Velocity-Binaries\s\n\mainmenu_7.wav","44100","2","unknown"
"D:\Three-D-Velocity\TDV\Three-D-Velocity-Binaries\s\n\mainmenu_7_i.wav","44100","2","unknown"
"D:\Three-D-Velocity\TDV\Three-D-Velocity-Binaries\s\n\mainmenu_i.wav","44100","2","unknown"
"D:\Three-D-Velocity\TDV\Three-D-Velocity-Binaries\s\n\mainmenu_ijs.wav","44100","2","unknown"
"D:\Three-D-Velocity\TDV\Three-D-Velocity-Binaries\s\n\mc.wav","44100","2","unknown"
"D:\Three-D-Velocity\TDV\Three-D-Velocity-Binaries\s\n\menuc_1.wav","44100","2","unknown"
"D:\Three-D-Velocity\TDV\Three-D-Velocity-Binaries\s\n\menuc_2.wav","44100","2","unknown"
"D:\Three-D-Velocity\TDV\Three-D-Velocity-Binaries\s\n\menuc_2_1.wav","44100","2","unknown"
"D:\Three-D-Velocity\TDV\Three-D-Velocity-Binaries\s\n\menuc_2_2.wav","44100","2","unknown"
"D:\Three-D-Velocity\TDV\Three-D-Velocity-Binaries\s\n\menuc_3.wav","44100","2","unknown"
"D:\Three-D-Velocity\TDV\Three-D-Velocity-Binaries\s\n\menuc_3_1.wav","44100","2","unknown"
"D:\Three-D-Velocity\TDV\Three-D-Velocity-Binaries\s\n\menuc_3_2.wav","44100","2","unknown"
"D:\Three-D-Velocity\TDV\Three-D-Velocity-Binaries\s\n\menuc_3_2_1.wav","44100","2","unknown"
"D:\Three-D-Velocity\TDV\Three-D-Velocity-Binaries\s\n\menuc_3_2_2.wav","44100","2","unknown"
"D:\Three-D-Velocity\TDV\Three-D-Velocity-Binaries\s\n\menuc_3_2_3.wav","44100","2","unknown"
"D:\Three-D-Velocity\TDV\Three-D-Velocity-Binaries\s\n\menuc_3_2_4.wav","44100","2","unknown"
"D:\Three-D-Velocity\TDV\Three-D-Velocity-Binaries\s\n\menuc_3_2_i.wav","44100","2","unknown"
"D:\Three-D-Velocity\TDV\Three-D-Velocity-Binaries\s\n\menuc_4.wav","44100","2","unknown"
"D:\Three-D-Velocity\TDV\Three-D-Velocity-Binaries\s\n\menuc_4_1.wav","44100","2","unknown"
"D:\Three-D-Velocity\TDV\Three-D-Velocity-Binaries\s\n\menuc_4_2.wav","44100","2","unknown"
"D:\Three-D-Velocity\TDV\Three-D-Velocity-Binaries\s\n\menuc_5.wav","44100","2","unknown"
"D:\Three-D-Velocity\TDV\Three-D-Velocity-Binaries\s\n\menuc_6.wav","44100","2","unknown"
"D:\Three-D-Velocity\TDV\Three-D-Velocity-Binaries\s\n\menuc_7.wav","44100","2","unknown"
"D:\Three-D-Velocity\TDV\Three-D-Velocity-Binaries\s\n\mi.wav","44100","2","unknown"
"D:\Three-D-Velocity\TDV\Three-D-Velocity-Binaries\s\n\mis.wav","44100","2","unknown"
"D:\Three-D-Velocity\TDV\Three-D-Velocity-Binaries\s\n\miu.wav","44100","2","unknown"
"D:\Three-D-Velocity\TDV\Three-D-Velocity-Binaries\s\n\mius.wav","44100","2","unknown"
"D:\Three-D-Velocity\TDV\Three-D-Velocity-Binaries\s\n\ncs.wav","44100","2","unknown"
"D:\Three-D-Velocity\TDV\Three-D-Velocity-Binaries\s\n\ng.wav","44100","2","unknown"
"D:\Three-D-Velocity\TDV\Three-D-Velocity-Binaries\s\n\nov.wav","44100","2","unknown"
"D:\Three-D-Velocity\TDV\Three-D-Velocity-Binaries\s\n\oc.wav","44100","2","unknown"
"D:\Three-D-Velocity\TDV\Three-D-Velocity-Binaries\s\n\of1.wav","44100","2","unknown"
"D:\Three-D-Velocity\TDV\Three-D-Velocity-Binaries\s\n\of2.wav","44100","2","unknown"
"D:\Three-D-Velocity\TDV\Three-D-Velocity-Binaries\s\n\of3.wav","44100","2","unknown"
"D:\Three-D-Velocity\TDV\Three-D-Velocity-Binaries\s\n\of4.wav","44100","2","unknown"
"D:\Three-D-Velocity\TDV\Three-D-Velocity-Binaries\s\n\of5.wav","44100","2","unknown"
"D:\Three-D-Velocity\TDV\Three-D-Velocity-Binaries\s\n\of6.wav","44100","2","unknown"
"D:\Three-D-Velocity\TDV\Three-D-Velocity-Binaries\s\n\off.wav","44100","2","unknown"
"D:\Three-D-Velocity\TDV\Three-D-Velocity-Binaries\s\n\on.wav","44100","2","unknown"
"D:\Three-D-Velocity\TDV\Three-D-Velocity-Binaries\s\n\oo.wav","44100","2","unknown"
"D:\Three-D-Velocity\TDV\Three-D-Velocity-Binaries\s\n\or1.wav","44100","2","unknown"
"D:\Three-D-Velocity\TDV\Three-D-Velocity-Binaries\s\n\or2.wav","44100","2","unknown"
"D:\Three-D-Velocity\TDV\Three-D-Velocity-Binaries\s\n\or3.wav","44100","2","unknown"
"D:\Three-D-Velocity\TDV\Three-D-Velocity-Binaries\s\n\or4.wav","44100","2","unknown"
"D:\Three-D-Velocity\TDV\Three-D-Velocity-Binaries\s\n\or5.wav","44100","2","unknown"
"D:\Three-D-Velocity\TDV\Three-D-Velocity-Binaries\s\n\or6.wav","44100","2","unknown"
"D:\Three-D-Velocity\TDV\Three-D-Velocity-Binaries\s\n\outof.wav","44100","2","unknown"
"D:\Three-D-Velocity\TDV\Three-D-Velocity-Binaries\s\n\o_1.wav","44100","2","unknown"
"D:\Three-D-Velocity\TDV\Three-D-Velocity-Binaries\s\n\o_1_10.wav","44100","2","unknown"
"D:\Three-D-Velocity\TDV\Three-D-Velocity-Binaries\s\n\o_1_15.wav","44100","2","unknown"
"D:\Three-D-Velocity\TDV\Three-D-Velocity-Binaries\s\n\o_1_20.wav","44100","2","unknown"
"D:\Three-D-Velocity\TDV\Three-D-Velocity-Binaries\s\n\o_1_25.wav","44100","2","unknown"
"D:\Three-D-Velocity\TDV\Three-D-Velocity-Binaries\s\n\o_1_30.wav","44100","2","unknown"
"D:\Three-D-Velocity\TDV\Three-D-Velocity-Binaries\s\n\o_1_5.wav","44100","2","unknown"
"D:\Three-D-Velocity\TDV\Three-D-Velocity-Binaries\s\n\o_2.wav","44100","2","unknown"
"D:\Three-D-Velocity\TDV\Three-D-Velocity-Binaries\s\n\o_3.wav","44100","2","unknown"
"D:\Three-D-Velocity\TDV\Three-D-Velocity-Binaries\s\n\o_4.wav","44100","2","unknown"
"D:\Three-D-Velocity\TDV\Three-D-Velocity-Binaries\s\n\o_5.wav","44100","2","unknown"
"D:\Three-D-Velocity\TDV\Three-D-Velocity-Binaries\s\n\o_6.wav","44100","2","unknown"
"D:\Three-D-Velocity\TDV\Three-D-Velocity-Binaries\s\n\o_7.wav","44100","2","unknown"
"D:\Three-D-Velocity\TDV\Three-D-Velocity-Binaries\s\n\o_c.wav","44100","2","unknown"
"D:\Three-D-Velocity\TDV\Three-D-Velocity-Binaries\s\n\o_i.wav","44100","2","unknown"
"D:\Three-D-Velocity\TDV\Three-D-Velocity-Binaries\s\n\p.wav","44100","2","unknown"
"D:\Three-D-Velocity\TDV\Three-D-Velocity-Binaries\s\n\pfifth.wav","44100","2","unknown"
"D:\Three-D-Velocity\TDV\Three-D-Velocity-Binaries\s\n\pfirst.wav","44100","2","unknown"
"D:\Three-D-Velocity\TDV\Three-D-Velocity-Binaries\s\n\pfourth.wav","44100","2","unknown"
"D:\Three-D-Velocity\TDV\Three-D-Velocity-Binaries\s\n\pl.wav","44100","2","unknown"
"D:\Three-D-Velocity\TDV\Three-D-Velocity-Binaries\s\n\plast1.wav","44100","2","unknown"
"D:\Three-D-Velocity\TDV\Three-D-Velocity-Binaries\s\n\plast2.wav","44100","2","unknown"
"D:\Three-D-Velocity\TDV\Three-D-Velocity-Binaries\s\n\plast3.wav","44100","2","unknown"
"D:\Three-D-Velocity\TDV\Three-D-Velocity-Binaries\s\n\pof.wav","44100","2","unknown"
"D:\Three-D-Velocity\TDV\Three-D-Velocity-Binaries\s\n\points.wav","44100","2","unknown"
"D:\Three-D-Velocity\TDV\Three-D-Velocity-Binaries\s\n\pp.wav","44100","2","unknown"
"D:\Three-D-Velocity\TDV\Three-D-Velocity-Binaries\s\n\psecond.wav","44100","2","unknown"
"D:\Three-D-Velocity\TDV\Three-D-Velocity-Binaries\s\n\psixth.wav","44100","2","unknown"
"D:\Three-D-Velocity\TDV\Three-D-Velocity-Binaries\s\n\pthird.wav","44100","2","unknown"
"D:\Three-D-Velocity\TDV\Three-D-Velocity-Binaries\s\n\pw1.wav","44100","2","unknown"
"D:\Three-D-Velocity\TDV\Three-D-Velocity-Binaries\s\n\pw2.wav","44100","2","unknown"
"D:\Three-D-Velocity\TDV\Three-D-Velocity-Binaries\s\n\pw3.wav","44100","2","unknown"
"D:\Three-D-Velocity\TDV\Three-D-Velocity-Binaries\s\n\q.wav","44100","2","unknown"
"D:\Three-D-Velocity\TDV\Three-D-Velocity-Binaries\s\n\r.wav","44100","2","unknown"
"D:\Three-D-Velocity\TDV\Three-D-Velocity-Binaries\s\n\r1.wav","44100","2","unknown"
"D:\Three-D-Velocity\TDV\Three-D-Velocity-Binaries\s\n\r2.wav","44100","2","unknown"
"D:\Three-D-Velocity\TDV\Three-D-Velocity-Binaries\s\n\r3.wav","44100","2","unknown"
"D:\Three-D-Velocity\TDV\Three-D-Velocity-Binaries\s\n\r4.wav","44100","2","unknown"
"D:\Three-D-Velocity\TDV\Three-D-Velocity-Binaries\s\n\r5.wav","44100","2","unknown"
"D:\Three-D-Velocity\TDV\Three-D-Velocity-Binaries\s\n\r6.wav","44100","2","unknown"
"D:\Three-D-Velocity\TDV\Three-D-Velocity-Binaries\s\n\race.wav","44100","2","unknown"
"D:\Three-D-Velocity\TDV\Three-D-Velocity-Binaries\s\n\reg1.ogg","44100","2","stereo"
"D:\Three-D-Velocity\TDV\Three-D-Velocity-Binaries\s\n\reg2.ogg","44100","2","stereo"
"D:\Three-D-Velocity\TDV\Three-D-Velocity-Binaries\s\n\rpm.wav","44100","2","unknown"
"D:\Three-D-Velocity\TDV\Three-D-Velocity-Binaries\s\n\rs.wav","44100","2","unknown"
"D:\Three-D-Velocity\TDV\Three-D-Velocity-Binaries\s\n\s1.wav","44100","2","unknown"
"D:\Three-D-Velocity\TDV\Three-D-Velocity-Binaries\s\n\s10.wav","44100","2","unknown"
"D:\Three-D-Velocity\TDV\Three-D-Velocity-Binaries\s\n\s11.wav","44100","2","unknown"
"D:\Three-D-Velocity\TDV\Three-D-Velocity-Binaries\s\n\s12.wav","44100","2","unknown"
"D:\Three-D-Velocity\TDV\Three-D-Velocity-Binaries\s\n\s13.wav","44100","2","unknown"
"D:\Three-D-Velocity\TDV\Three-D-Velocity-Binaries\s\n\s14.wav","44100","2","unknown"
"D:\Three-D-Velocity\TDV\Three-D-Velocity-Binaries\s\n\s15.wav","44100","2","unknown"
"D:\Three-D-Velocity\TDV\Three-D-Velocity-Binaries\s\n\s2.wav","44100","2","unknown"
"D:\Three-D-Velocity\TDV\Three-D-Velocity-Binaries\s\n\s3.wav","44100","2","unknown"
"D:\Three-D-Velocity\TDV\Three-D-Velocity-Binaries\s\n\s4.wav","44100","2","unknown"
"D:\Three-D-Velocity\TDV\Three-D-Velocity-Binaries\s\n\s5.wav","44100","2","unknown"
"D:\Three-D-Velocity\TDV\Three-D-Velocity-Binaries\s\n\s6.wav","44100","2","unknown"
"D:\Three-D-Velocity\TDV\Three-D-Velocity-Binaries\s\n\s7.wav","44100","2","unknown"
"D:\Three-D-Velocity\TDV\Three-D-Velocity-Binaries\s\n\s8.wav","44100","2","unknown"
"D:\Three-D-Velocity\TDV\Three-D-Velocity-Binaries\s\n\s9.wav","44100","2","unknown"
"D:\Three-D-Velocity\TDV\Three-D-Velocity-Binaries\s\n\sb.wav","44100","2","unknown"
"D:\Three-D-Velocity\TDV\Three-D-Velocity-Binaries\s\n\score.wav","44100","2","unknown"
"D:\Three-D-Velocity\TDV\Three-D-Velocity-Binaries\s\n\sec.wav","44100","2","unknown"
"D:\Three-D-Velocity\TDV\Three-D-Velocity-Binaries\s\n\second.wav","44100","2","unknown"
"D:\Three-D-Velocity\TDV\Three-D-Velocity-Binaries\s\n\seventh.wav","44100","2","unknown"
"D:\Three-D-Velocity\TDV\Three-D-Velocity-Binaries\s\n\sixth.wav","44100","2","unknown"
"D:\Three-D-Velocity\TDV\Three-D-Velocity-Binaries\s\n\sob.wav","44100","2","unknown"
"D:\Three-D-Velocity\TDV\Three-D-Velocity-Binaries\s\n\st.wav","44100","2","unknown"
"D:\Three-D-Velocity\TDV\Three-D-Velocity-Binaries\s\n\s_a.wav","44100","2","unknown"
"D:\Three-D-Velocity\TDV\Three-D-Velocity-Binaries\s\n\s_b.wav","44100","2","unknown"
"D:\Three-D-Velocity\TDV\Three-D-Velocity-Binaries\s\n\s_c.wav","44100","2","unknown"
"D:\Three-D-Velocity\TDV\Three-D-Velocity-Binaries\s\n\s_d.wav","44100","2","unknown"
"D:\Three-D-Velocity\TDV\Three-D-Velocity-Binaries\s\n\s_e.wav","44100","2","unknown"
"D:\Three-D-Velocity\TDV\Three-D-Velocity-Binaries\s\n\s_f.wav","44100","2","unknown"
"D:\Three-D-Velocity\TDV\Three-D-Velocity-Binaries\s\n\s_g.wav","44100","2","unknown"
"D:\Three-D-Velocity\TDV\Three-D-Velocity-Binaries\s\n\s_h.wav","44100","2","unknown"
"D:\Three-D-Velocity\TDV\Three-D-Velocity-Binaries\s\n\s_i.wav","44100","2","unknown"
"D:\Three-D-Velocity\TDV\Three-D-Velocity-Binaries\s\n\s_j.wav","44100","2","unknown"
"D:\Three-D-Velocity\TDV\Three-D-Velocity-Binaries\s\n\s_k.wav","44100","2","unknown"
"D:\Three-D-Velocity\TDV\Three-D-Velocity-Binaries\s\n\s_l.wav","44100","2","unknown"
"D:\Three-D-Velocity\TDV\Three-D-Velocity-Binaries\s\n\s_m.wav","44100","2","unknown"
"D:\Three-D-Velocity\TDV\Three-D-Velocity-Binaries\s\n\s_n.wav","44100","2","unknown"
"D:\Three-D-Velocity\TDV\Three-D-Velocity-Binaries\s\n\s_o.wav","44100","2","unknown"
"D:\Three-D-Velocity\TDV\Three-D-Velocity-Binaries\s\n\s_p.wav","44100","2","unknown"
"D:\Three-D-Velocity\TDV\Three-D-Velocity-Binaries\s\n\s_q.wav","44100","2","unknown"
"D:\Three-D-Velocity\TDV\Three-D-Velocity-Binaries\s\n\s_r.wav","44100","2","unknown"
"D:\Three-D-Velocity\TDV\Three-D-Velocity-Binaries\s\n\s_s.wav","44100","2","unknown"
"D:\Three-D-Velocity\TDV\Three-D-Velocity-Binaries\s\n\s_t.wav","44100","2","unknown"
"D:\Three-D-Velocity\TDV\Three-D-Velocity-Binaries\s\n\s_u.wav","44100","2","unknown"
"D:\Three-D-Velocity\TDV\Three-D-Velocity-Binaries\s\n\s_v.wav","44100","2","unknown"
"D:\Three-D-Velocity\TDV\Three-D-Velocity-Binaries\s\n\s_w.wav","44100","2","unknown"
"D:\Three-D-Velocity\TDV\Three-D-Velocity-Binaries\s\n\s_x.wav","44100","2","unknown"
"D:\Three-D-Velocity\TDV\Three-D-Velocity-Binaries\s\n\s_y.wav","44100","2","unknown"
"D:\Three-D-Velocity\TDV\Three-D-Velocity-Binaries\s\n\s_z.wav","44100","2","unknown"
"D:\Three-D-Velocity\TDV\Three-D-Velocity-Binaries\s\n\t.wav","44100","2","unknown"
"D:\Three-D-Velocity\TDV\Three-D-Velocity-Binaries\s\n\t0.wav","44100","2","unknown"
"D:\Three-D-Velocity\TDV\Three-D-Velocity-Binaries\s\n\t1.wav","44100","2","unknown"
"D:\Three-D-Velocity\TDV\Three-D-Velocity-Binaries\s\n\t2.wav","44100","2","unknown"
"D:\Three-D-Velocity\TDV\Three-D-Velocity-Binaries\s\n\t3.wav","44100","2","unknown"
"D:\Three-D-Velocity\TDV\Three-D-Velocity-Binaries\s\n\ta.wav","44100","2","unknown"
"D:\Three-D-Velocity\TDV\Three-D-Velocity-Binaries\s\n\tg.wav","44100","2","unknown"
"D:\Three-D-Velocity\TDV\Three-D-Velocity-Binaries\s\n\third.wav","44100","2","unknown"
"D:\Three-D-Velocity\TDV\Three-D-Velocity-Binaries\s\n\tov.wav","44100","2","unknown"
"D:\Three-D-Velocity\TDV\Three-D-Velocity-Binaries\s\n\tw1.ogg","44100","2","stereo"
"D:\Three-D-Velocity\TDV\Three-D-Velocity-Binaries\s\n\tw2.ogg","44100","2","stereo"
"D:\Three-D-Velocity\TDV\Three-D-Velocity-Binaries\s\n\unknown.wav","44100","2","unknown"
"D:\Three-D-Velocity\TDV\Three-D-Velocity-Binaries\s\n\ur.wav","44100","2","unknown"
"D:\Three-D-Velocity\TDV\Three-D-Velocity-Binaries\s\n\vs.wav","44100","2","unknown"
"D:\Three-D-Velocity\TDV\Three-D-Velocity-Binaries\s\n\wb.wav","44100","2","unknown"
"D:\Three-D-Velocity\TDV\Three-D-Velocity-Binaries\s\n\wcm.wav","44100","2","unknown"
"D:\Three-D-Velocity\TDV\Three-D-Velocity-Binaries\s\n\wgcm.wav","44100","2","unknown"
"D:\Three-D-Velocity\TDV\Three-D-Velocity-Binaries\s\n\wgm.wav","44100","2","unknown"
"D:\Three-D-Velocity\TDV\Three-D-Velocity-Binaries\s\n\wm.wav","44100","2","unknown"
"D:\Three-D-Velocity\TDV\Three-D-Velocity-Binaries\s\n\wov.wav","44100","2","unknown"
"D:\Three-D-Velocity\TDV\Three-D-Velocity-Binaries\s\n\yai.wav","44100","2","unknown"
"D:\Three-D-Velocity\TDV\Three-D-Velocity-Binaries\s\a1.wav","44100","2","unknown"
"D:\Three-D-Velocity\TDV\Three-D-Velocity-Binaries\s\a2.wav","44100","2","unknown"
"D:\Three-D-Velocity\TDV\Three-D-Velocity-Binaries\s\a3.wav","44100","2","unknown"
"D:\Three-D-Velocity\TDV\Three-D-Velocity-Binaries\s\ac1.ogg","44100","2","stereo"
"D:\Three-D-Velocity\TDV\Three-D-Velocity-Binaries\s\ac2.ogg","44100","2","stereo"
"D:\Three-D-Velocity\TDV\Three-D-Velocity-Binaries\s\ac3.ogg","44100","2","stereo"
"D:\Three-D-Velocity\TDV\Three-D-Velocity-Binaries\s\ac4.ogg","44100","2","stereo"
"D:\Three-D-Velocity\TDV\Three-D-Velocity-Binaries\s\ac5.ogg","44100","2","stereo"
"D:\Three-D-Velocity\TDV\Three-D-Velocity-Binaries\s\ac6.ogg","44100","2","stereo"
"D:\Three-D-Velocity\TDV\Three-D-Velocity-Binaries\s\ac7.ogg","44100","2","stereo"
"D:\Three-D-Velocity\TDV\Three-D-Velocity-Binaries\s\ae.wav","44100","2","unknown"
"D:\Three-D-Velocity\TDV\Three-D-Velocity-Binaries\s\aetf1-1.ogg","44100","2","stereo"
"D:\Three-D-Velocity\TDV\Three-D-Velocity-Binaries\s\aetf1-2_j.ogg","44100","2","stereo"
"D:\Three-D-Velocity\TDV\Three-D-Velocity-Binaries\s\aetf1-2_k.ogg","44100","2","stereo"
"D:\Three-D-Velocity\TDV\Three-D-Velocity-Binaries\s\ahd1.ogg","44100","2","stereo"
"D:\Three-D-Velocity\TDV\Three-D-Velocity-Binaries\s\alarm1.wav","44100","2","unknown"
"D:\Three-D-Velocity\TDV\Three-D-Velocity-Binaries\s\alarm10.wav","44100","2","unknown"
"D:\Three-D-Velocity\TDV\Three-D-Velocity-Binaries\s\alarm1m.ogg","44100","2","stereo"
"D:\Three-D-Velocity\TDV\Three-D-Velocity-Binaries\s\alarm2.wav","44100","2","unknown"
"D:\Three-D-Velocity\TDV\Three-D-Velocity-Binaries\s\alarm3.wav","44100","2","unknown"
"D:\Three-D-Velocity\TDV\Three-D-Velocity-Binaries\s\alarm4.wav","44100","2","unknown"
"D:\Three-D-Velocity\TDV\Three-D-Velocity-Binaries\s\alarm4m1.wav","44100","2","unknown"
"D:\Three-D-Velocity\TDV\Three-D-Velocity-Binaries\s\alarm4m2.wav","44100","2","unknown"
"D:\Three-D-Velocity\TDV\Three-D-Velocity-Binaries\s\alarm5.wav","44100","2","unknown"
"D:\Three-D-Velocity\TDV\Three-D-Velocity-Binaries\s\alarm6.wav","44100","2","unknown"
"D:\Three-D-Velocity\TDV\Three-D-Velocity-Binaries\s\alarm7.wav","44100","2","unknown"
"D:\Three-D-Velocity\TDV\Three-D-Velocity-Binaries\s\alarm8.wav","44100","2","unknown"
"D:\Three-D-Velocity\TDV\Three-D-Velocity-Binaries\s\alarm9.wav","44100","2","unknown"
"D:\Three-D-Velocity\TDV\Three-D-Velocity-Binaries\s\and.wav","44100","2","unknown"
"D:\Three-D-Velocity\TDV\Three-D-Velocity-Binaries\s\a_a.wav","44100","2","unknown"
"D:\Three-D-Velocity\TDV\Three-D-Velocity-Binaries\s\a_a1.wav","44100","2","unknown"
"D:\Three-D-Velocity\TDV\Three-D-Velocity-Binaries\s\a_a2.wav","44100","2","unknown"
"D:\Three-D-Velocity\TDV\Three-D-Velocity-Binaries\s\a_a3.wav","44100","2","unknown"
"D:\Three-D-Velocity\TDV\Three-D-Velocity-Binaries\s\a_bsg1.wav","44100","2","unknown"
"D:\Three-D-Velocity\TDV\Three-D-Velocity-Binaries\s\a_bsg3.wav","44100","2","unknown"
"D:\Three-D-Velocity\TDV\Three-D-Velocity-Binaries\s\a_bsg4.wav","44100","2","unknown"
"D:\Three-D-Velocity\TDV\Three-D-Velocity-Binaries\s\a_ca1.wav","44100","2","unknown"
"D:\Three-D-Velocity\TDV\Three-D-Velocity-Binaries\s\a_ce.wav","44100","2","unknown"
"D:\Three-D-Velocity\TDV\Three-D-Velocity-Binaries\s\a_ci1.wav","44100","2","unknown"
"D:\Three-D-Velocity\TDV\Three-D-Velocity-Binaries\s\a_cl.wav","44100","2","unknown"
"D:\Three-D-Velocity\TDV\Three-D-Velocity-Binaries\s\a_cr1.wav","44100","2","unknown"
"D:\Three-D-Velocity\TDV\Three-D-Velocity-Binaries\s\a_cs.wav","44100","2","unknown"
"D:\Three-D-Velocity\TDV\Three-D-Velocity-Binaries\s\a_d1.wav","44100","2","unknown"
"D:\Three-D-Velocity\TDV\Three-D-Velocity-Binaries\s\a_d2.wav","44100","2","unknown"
"D:\Three-D-Velocity\TDV\Three-D-Velocity-Binaries\s\a_d3.wav","44100","2","unknown"
"D:\Three-D-Velocity\TDV\Three-D-Velocity-Binaries\s\a_d4.wav","44100","2","unknown"
"D:\Three-D-Velocity\TDV\Three-D-Velocity-Binaries\s\a_d5.wav","44100","2","unknown"
"D:\Three-D-Velocity\TDV\Three-D-Velocity-Binaries\s\a_d6.wav","44100","2","unknown"
"D:\Three-D-Velocity\TDV\Three-D-Velocity-Binaries\s\a_d7.wav","44100","2","unknown"
"D:\Three-D-Velocity\TDV\Three-D-Velocity-Binaries\s\a_d8.wav","44100","2","unknown"
"D:\Three-D-Velocity\TDV\Three-D-Velocity-Binaries\s\a_d9.wav","44100","2","unknown"
"D:\Three-D-Velocity\TDV\Three-D-Velocity-Binaries\s\a_e1.wav","44100","2","unknown"
"D:\Three-D-Velocity\TDV\Three-D-Velocity-Binaries\s\a_e2.wav","44100","2","unknown"
"D:\Three-D-Velocity\TDV\Three-D-Velocity-Binaries\s\a_e3.wav","44100","2","unknown"
"D:\Three-D-Velocity\TDV\Three-D-Velocity-Binaries\s\a_e31.wav","44100","2","unknown"
"D:\Three-D-Velocity\TDV\Three-D-Velocity-Binaries\s\a_e4.wav","44100","2","unknown"
"D:\Three-D-Velocity\TDV\Three-D-Velocity-Binaries\s\a_e6.wav","44100","2","unknown"
"D:\Three-D-Velocity\TDV\Three-D-Velocity-Binaries\s\a_e7.wav","44100","2","unknown"
"D:\Three-D-Velocity\TDV\Three-D-Velocity-Binaries\s\a_e8.wav","44100","2","unknown"
"D:\Three-D-Velocity\TDV\Three-D-Velocity-Binaries\s\a_e9.wav","44100","2","unknown"
"D:\Three-D-Velocity\TDV\Three-D-Velocity-Binaries\s\a_fb.wav","44100","2","unknown"
"D:\Three-D-Velocity\TDV\Three-D-Velocity-Binaries\s\a_fc.wav","44100","2","unknown"
"D:\Three-D-Velocity\TDV\Three-D-Velocity-Binaries\s\a_fdesk.wav","44100","2","unknown"
"D:\Three-D-Velocity\TDV\Three-D-Velocity-Binaries\s\a_fdeskd.wav","44100","2","unknown"
"D:\Three-D-Velocity\TDV\Three-D-Velocity-Binaries\s\a_ffire.wav","44100","2","unknown"
"D:\Three-D-Velocity\TDV\Three-D-Velocity-Binaries\s\a_fg1.wav","44100","2","unknown"
"D:\Three-D-Velocity\TDV\Three-D-Velocity-Binaries\s\a_fi1.wav","44100","2","unknown"
"D:\Three-D-Velocity\TDV\Three-D-Velocity-Binaries\s\a_fi2.wav","44100","2","unknown"
"D:\Three-D-Velocity\TDV\Three-D-Velocity-Binaries\s\a_fi3.wav","44100","2","unknown"
"D:\Three-D-Velocity\TDV\Three-D-Velocity-Binaries\s\a_fi4.wav","44100","2","unknown"
"D:\Three-D-Velocity\TDV\Three-D-Velocity-Binaries\s\a_fl1.wav","44100","2","unknown"
"D:\Three-D-Velocity\TDV\Three-D-Velocity-Binaries\s\a_fl2.wav","44100","2","unknown"
"D:\Three-D-Velocity\TDV\Three-D-Velocity-Binaries\s\a_fl3.wav","44100","2","unknown"
"D:\Three-D-Velocity\TDV\Three-D-Velocity-Binaries\s\a_fl4.wav","44100","2","unknown"
"D:\Three-D-Velocity\TDV\Three-D-Velocity-Binaries\s\a_fo1.wav","44100","2","unknown"
"D:\Three-D-Velocity\TDV\Three-D-Velocity-Binaries\s\a_fo2.wav","44100","2","unknown"
"D:\Three-D-Velocity\TDV\Three-D-Velocity-Binaries\s\a_fp-21.wav","44100","2","unknown"
"D:\Three-D-Velocity\TDV\Three-D-Velocity-Binaries\s\a_fp-22.wav","44100","2","unknown"
"D:\Three-D-Velocity\TDV\Three-D-Velocity-Binaries\s\a_fp-23.wav","44100","2","unknown"
"D:\Three-D-Velocity\TDV\Three-D-Velocity-Binaries\s\a_fp-24.wav","44100","2","unknown"
"D:\Three-D-Velocity\TDV\Three-D-Velocity-Binaries\s\a_fp-25.wav","44100","2","unknown"
"D:\Three-D-Velocity\TDV\Three-D-Velocity-Binaries\s\a_fp1.wav","44100","2","unknown"
"D:\Three-D-Velocity\TDV\Three-D-Velocity-Binaries\s\a_fp2.wav","44100","2","unknown"
"D:\Three-D-Velocity\TDV\Three-D-Velocity-Binaries\s\a_fp21.wav","44100","2","unknown"
"D:\Three-D-Velocity\TDV\Three-D-Velocity-Binaries\s\a_fp22.wav","44100","2","unknown"
"D:\Three-D-Velocity\TDV\Three-D-Velocity-Binaries\s\a_fp3.wav","44100","2","unknown"
"D:\Three-D-Velocity\TDV\Three-D-Velocity-Binaries\s\a_fp4.wav","44100","2","unknown"
"D:\Three-D-Velocity\TDV\Three-D-Velocity-Binaries\s\a_fsandbar.wav","44100","2","unknown"
"D:\Three-D-Velocity\TDV\Three-D-Velocity-Binaries\s\a_fshelf.wav","44100","2","unknown"
"D:\Three-D-Velocity\TDV\Three-D-Velocity-Binaries\s\a_fshelfd.wav","44100","2","unknown"
"D:\Three-D-Velocity\TDV\Three-D-Velocity-Binaries\s\a_fstun.wav","44100","2","unknown"
"D:\Three-D-Velocity\TDV\Three-D-Velocity-Binaries\s\a_fsw-21.wav","44100","2","unknown"
"D:\Three-D-Velocity\TDV\Three-D-Velocity-Binaries\s\a_fsw-22.wav","44100","2","unknown"
"D:\Three-D-Velocity\TDV\Three-D-Velocity-Binaries\s\a_fsw-23.wav","44100","2","unknown"
"D:\Three-D-Velocity\TDV\Three-D-Velocity-Binaries\s\a_fsw1.wav","44100","2","unknown"
"D:\Three-D-Velocity\TDV\Three-D-Velocity-Binaries\s\a_fsw2.wav","44100","2","unknown"
"D:\Three-D-Velocity\TDV\Three-D-Velocity-Binaries\s\a_fsw21.wav","44100","2","unknown"
"D:\Three-D-Velocity\TDV\Three-D-Velocity-Binaries\s\a_fsw22.wav","44100","2","unknown"
"D:\Three-D-Velocity\TDV\Three-D-Velocity-Binaries\s\a_fsw23.wav","44100","2","unknown"
"D:\Three-D-Velocity\TDV\Three-D-Velocity-Binaries\s\a_fsw3.wav","44100","2","unknown"
"D:\Three-D-Velocity\TDV\Three-D-Velocity-Binaries\s\a_ft1.wav","44100","2","unknown"
"D:\Three-D-Velocity\TDV\Three-D-Velocity-Binaries\s\a_ft11.wav","44100","2","unknown"
"D:\Three-D-Velocity\TDV\Three-D-Velocity-Binaries\s\a_ft12.wav","44100","2","unknown"
"D:\Three-D-Velocity\TDV\Three-D-Velocity-Binaries\s\a_ft2.wav","44100","2","unknown"
"D:\Three-D-Velocity\TDV\Three-D-Velocity-Binaries\s\a_ft21.wav","44100","2","unknown"
"D:\Three-D-Velocity\TDV\Three-D-Velocity-Binaries\s\a_ft22.wav","44100","2","unknown"
"D:\Three-D-Velocity\TDV\Three-D-Velocity-Binaries\s\a_ft23.wav","44100","2","unknown"
"D:\Three-D-Velocity\TDV\Three-D-Velocity-Binaries\s\a_ft3.wav","44100","2","unknown"
"D:\Three-D-Velocity\TDV\Three-D-Velocity-Binaries\s\a_fwall.wav","44100","2","unknown"
"D:\Three-D-Velocity\TDV\Three-D-Velocity-Binaries\s\a_fwreckage.wav","44100","2","unknown"
"D:\Three-D-Velocity\TDV\Three-D-Velocity-Binaries\s\a_gtg1.wav","44100","2","unknown"
"D:\Three-D-Velocity\TDV\Three-D-Velocity-Binaries\s\a_gun1-1.wav","44100","2","unknown"
"D:\Three-D-Velocity\TDV\Three-D-Velocity-Binaries\s\a_gun1-2.wav","44100","2","unknown"
"D:\Three-D-Velocity\TDV\Three-D-Velocity-Binaries\s\a_gun1-3.wav","44100","2","unknown"
"D:\Three-D-Velocity\TDV\Three-D-Velocity-Binaries\s\a_gun1-4.wav","44100","2","unknown"
"D:\Three-D-Velocity\TDV\Three-D-Velocity-Binaries\s\a_gun1-5.wav","44100","2","unknown"
"D:\Three-D-Velocity\TDV\Three-D-Velocity-Binaries\s\a_gun1.wav","44100","2","unknown"
"D:\Three-D-Velocity\TDV\Three-D-Velocity-Binaries\s\a_gun2.wav","44100","2","unknown"
"D:\Three-D-Velocity\TDV\Three-D-Velocity-Binaries\s\a_j1-1.wav","44100","2","unknown"
"D:\Three-D-Velocity\TDV\Three-D-Velocity-Binaries\s\a_j1-2.wav","44100","2","unknown"
"D:\Three-D-Velocity\TDV\Three-D-Velocity-Binaries\s\a_j2-1.wav","44100","2","unknown"
"D:\Three-D-Velocity\TDV\Three-D-Velocity-Binaries\s\a_j2-2.wav","44100","2","unknown"
"D:\Three-D-Velocity\TDV\Three-D-Velocity-Binaries\s\a_j2-3.wav","44100","2","unknown"
"D:\Three-D-Velocity\TDV\Three-D-Velocity-Binaries\s\a_j3.wav","44100","2","unknown"
"D:\Three-D-Velocity\TDV\Three-D-Velocity-Binaries\s\a_j4.wav","44100","2","unknown"
"D:\Three-D-Velocity\TDV\Three-D-Velocity-Binaries\s\a_l.wav","44100","2","unknown"
"D:\Three-D-Velocity\TDV\Three-D-Velocity-Binaries\s\a_l2.wav","44100","2","unknown"
"D:\Three-D-Velocity\TDV\Three-D-Velocity-Binaries\s\a_l3a.wav","44100","2","unknown"
"D:\Three-D-Velocity\TDV\Three-D-Velocity-Binaries\s\a_l3s.wav","44100","2","unknown"
"D:\Three-D-Velocity\TDV\Three-D-Velocity-Binaries\s\a_m1.wav","44100","2","unknown"
"D:\Three-D-Velocity\TDV\Three-D-Velocity-Binaries\s\a_m2.wav","44100","2","unknown"
"D:\Three-D-Velocity\TDV\Three-D-Velocity-Binaries\s\a_m3-1.wav","44100","2","unknown"
"D:\Three-D-Velocity\TDV\Three-D-Velocity-Binaries\s\a_m3-2.wav","44100","2","unknown"
"D:\Three-D-Velocity\TDV\Three-D-Velocity-Binaries\s\a_m3-3.wav","44100","2","unknown"
"D:\Three-D-Velocity\TDV\Three-D-Velocity-Binaries\s\a_mexpl.wav","44100","2","unknown"
"D:\Three-D-Velocity\TDV\Three-D-Velocity-Binaries\s\a_mmove.wav","44100","2","unknown"
"D:\Three-D-Velocity\TDV\Three-D-Velocity-Binaries\s\a_sam1.wav","44100","2","unknown"
"D:\Three-D-Velocity\TDV\Three-D-Velocity-Binaries\s\a_slow.wav","44100","2","unknown"
"D:\Three-D-Velocity\TDV\Three-D-Velocity-Binaries\s\a_tg1.wav","44100","2","unknown"
"D:\Three-D-Velocity\TDV\Three-D-Velocity-Binaries\s\b1.ogg","44100","2","stereo"
"D:\Three-D-Velocity\TDV\Three-D-Velocity-Binaries\s\b2_j.ogg","44100","2","stereo"
"D:\Three-D-Velocity\TDV\Three-D-Velocity-Binaries\s\b2_k.ogg","44100","2","stereo"
"D:\Three-D-Velocity\TDV\Three-D-Velocity-Binaries\s\bland1.ogg","44100","2","stereo"
"D:\Three-D-Velocity\TDV\Three-D-Velocity-Binaries\s\boa1_j.ogg","44100","2","stereo"
"D:\Three-D-Velocity\TDV\Three-D-Velocity-Binaries\s\boa1_k.ogg","44100","2","stereo"
"D:\Three-D-Velocity\TDV\Three-D-Velocity-Binaries\s\br1.ogg","44100","2","stereo"
"D:\Three-D-Velocity\TDV\Three-D-Velocity-Binaries\s\br2.ogg","44100","2","stereo"
"D:\Three-D-Velocity\TDV\Three-D-Velocity-Binaries\s\br3.ogg","44100","2","stereo"
"D:\Three-D-Velocity\TDV\Three-D-Velocity-Binaries\s\br5_j.ogg","44100","2","stereo"
"D:\Three-D-Velocity\TDV\Three-D-Velocity-Binaries\s\br5_k.ogg","44100","2","stereo"
"D:\Three-D-Velocity\TDV\Three-D-Velocity-Binaries\s\brt301.ogg","44100","2","stereo"
"D:\Three-D-Velocity\TDV\Three-D-Velocity-Binaries\s\brt302.ogg","44100","2","stereo"
"D:\Three-D-Velocity\TDV\Three-D-Velocity-Binaries\s\brt303.ogg","44100","2","stereo"
"D:\Three-D-Velocity\TDV\Three-D-Velocity-Binaries\s\brt304_j.ogg","44100","2","stereo"
"D:\Three-D-Velocity\TDV\Three-D-Velocity-Binaries\s\brt304_k.ogg","44100","2","stereo"
"D:\Three-D-Velocity\TDV\Three-D-Velocity-Binaries\s\brt305.ogg","44100","2","stereo"
"D:\Three-D-Velocity\TDV\Three-D-Velocity-Binaries\s\bsg2.wav","44100","2","unknown"
"D:\Three-D-Velocity\TDV\Three-D-Velocity-Binaries\s\bsg3.wav","44100","2","unknown"
"D:\Three-D-Velocity\TDV\Three-D-Velocity-Binaries\s\bsg4.wav","44100","2","unknown"
"D:\Three-D-Velocity\TDV\Three-D-Velocity-Binaries\s\c.ogg","44100","2","stereo"
"D:\Three-D-Velocity\TDV\Three-D-Velocity-Binaries\s\ca1-1.wav","44100","2","unknown"
"D:\Three-D-Velocity\TDV\Three-D-Velocity-Binaries\s\ca1.wav","44100","2","unknown"
"D:\Three-D-Velocity\TDV\Three-D-Velocity-Binaries\s\canopy.ogg","44100","2","stereo"
"D:\Three-D-Velocity\TDV\Three-D-Velocity-Binaries\s\cc1.ogg","44100","2","stereo"
"D:\Three-D-Velocity\TDV\Three-D-Velocity-Binaries\s\cc2.ogg","44100","2","stereo"
"D:\Three-D-Velocity\TDV\Three-D-Velocity-Binaries\s\cc3.ogg","44100","2","stereo"
"D:\Three-D-Velocity\TDV\Three-D-Velocity-Binaries\s\cc4.ogg","44100","2","stereo"
"D:\Three-D-Velocity\TDV\Three-D-Velocity-Binaries\s\cc5.wav","44100","2","unknown"
"D:\Three-D-Velocity\TDV\Three-D-Velocity-Binaries\s\cc6.wav","44100","2","unknown"
"D:\Three-D-Velocity\TDV\Three-D-Velocity-Binaries\s\chat1.wav","44100","2","unknown"
"D:\Three-D-Velocity\TDV\Three-D-Velocity-Binaries\s\chat2.wav","44100","2","unknown"
"D:\Three-D-Velocity\TDV\Three-D-Velocity-Binaries\s\chat3.wav","44100","2","unknown"
"D:\Three-D-Velocity\TDV\Three-D-Velocity-Binaries\s\chat4.wav","44100","2","unknown"
"D:\Three-D-Velocity\TDV\Three-D-Velocity-Binaries\s\chat5.wav","44100","2","unknown"
"D:\Three-D-Velocity\TDV\Three-D-Velocity-Binaries\s\ci1.wav","44100","2","unknown"
"D:\Three-D-Velocity\TDV\Three-D-Velocity-Binaries\s\ci2.wav","44100","2","unknown"
"D:\Three-D-Velocity\TDV\Three-D-Velocity-Binaries\s\co1.ogg","44100","2","stereo"
"D:\Three-D-Velocity\TDV\Three-D-Velocity-Binaries\s\co2.ogg","44100","2","stereo"
"D:\Three-D-Velocity\TDV\Three-D-Velocity-Binaries\s\coobr1.ogg","44100","2","stereo"
"D:\Three-D-Velocity\TDV\Three-D-Velocity-Binaries\s\coupos.wav","44100","2","unknown"
"D:\Three-D-Velocity\TDV\Three-D-Velocity-Binaries\s\cr1.wav","44100","2","unknown"
"D:\Three-D-Velocity\TDV\Three-D-Velocity-Binaries\s\cr2.wav","44100","2","unknown"
"D:\Three-D-Velocity\TDV\Three-D-Velocity-Binaries\s\cs1.ogg","44100","2","stereo"
"D:\Three-D-Velocity\TDV\Three-D-Velocity-Binaries\s\ct301.ogg","44100","2","stereo"
"D:\Three-D-Velocity\TDV\Three-D-Velocity-Binaries\s\ct302_j.ogg","44100","2","stereo"
"D:\Three-D-Velocity\TDV\Three-D-Velocity-Binaries\s\ct302_k.ogg","44100","2","stereo"
"D:\Three-D-Velocity\TDV\Three-D-Velocity-Binaries\s\ctr1-1_j.ogg","44100","2","stereo"
"D:\Three-D-Velocity\TDV\Three-D-Velocity-Binaries\s\ctr1-1_k.ogg","44100","2","stereo"
"D:\Three-D-Velocity\TDV\Three-D-Velocity-Binaries\s\ctr2-1.ogg","44100","2","stereo"
"D:\Three-D-Velocity\TDV\Three-D-Velocity-Binaries\s\d1.wav","44100","2","unknown"
"D:\Three-D-Velocity\TDV\Three-D-Velocity-Binaries\s\d2.wav","44100","2","unknown"
"D:\Three-D-Velocity\TDV\Three-D-Velocity-Binaries\s\d3.wav","44100","2","unknown"
"D:\Three-D-Velocity\TDV\Three-D-Velocity-Binaries\s\d4.wav","44100","2","unknown"
"D:\Three-D-Velocity\TDV\Three-D-Velocity-Binaries\s\d5.ogg","44100","2","stereo"
"D:\Three-D-Velocity\TDV\Three-D-Velocity-Binaries\s\danger.wav","44100","2","unknown"
"D:\Three-D-Velocity\TDV\Three-D-Velocity-Binaries\s\danger1.wav","44100","2","unknown"
"D:\Three-D-Velocity\TDV\Three-D-Velocity-Binaries\s\dbf21.ogg","44100","2","stereo"
"D:\Three-D-Velocity\TDV\Three-D-Velocity-Binaries\s\demo.ogg","44100","2","stereo"
"D:\Three-D-Velocity\TDV\Three-D-Velocity-Binaries\s\dl1.ogg","44100","2","stereo"
"D:\Three-D-Velocity\TDV\Three-D-Velocity-Binaries\s\dl2.ogg","44100","2","stereo"
"D:\Three-D-Velocity\TDV\Three-D-Velocity-Binaries\s\dl3.ogg","44100","2","stereo"
"D:\Three-D-Velocity\TDV\Three-D-Velocity-Binaries\s\dl4.ogg","44100","2","stereo"
"D:\Three-D-Velocity\TDV\Three-D-Velocity-Binaries\s\dl5.ogg","44100","2","stereo"
"D:\Three-D-Velocity\TDV\Three-D-Velocity-Binaries\s\dl6.ogg","44100","2","stereo"
"D:\Three-D-Velocity\TDV\Three-D-Velocity-Binaries\s\dt10001.ogg","44100","2","stereo"
"D:\Three-D-Velocity\TDV\Three-D-Velocity-Binaries\s\dt50001.ogg","44100","2","stereo"
"D:\Three-D-Velocity\TDV\Three-D-Velocity-Binaries\s\dt50002.ogg","44100","2","stereo"
"D:\Three-D-Velocity\TDV\Three-D-Velocity-Binaries\s\dt50003.ogg","44100","2","stereo"
"D:\Three-D-Velocity\TDV\Three-D-Velocity-Binaries\s\dv.ogg","44100","2","stereo"
"D:\Three-D-Velocity\TDV\Three-D-Velocity-Binaries\s\e1.wav","44100","2","unknown"
"D:\Three-D-Velocity\TDV\Three-D-Velocity-Binaries\s\e2.wav","44100","2","unknown"
"D:\Three-D-Velocity\TDV\Three-D-Velocity-Binaries\s\e3.wav","44100","2","unknown"
"D:\Three-D-Velocity\TDV\Three-D-Velocity-Binaries\s\e31.wav","44100","2","unknown"
"D:\Three-D-Velocity\TDV\Three-D-Velocity-Binaries\s\e4.wav","44100","2","unknown"
"D:\Three-D-Velocity\TDV\Three-D-Velocity-Binaries\s\e6.wav","44100","2","unknown"
"D:\Three-D-Velocity\TDV\Three-D-Velocity-Binaries\s\fb.wav","44100","2","unknown"
"D:\Three-D-Velocity\TDV\Three-D-Velocity-Binaries\s\fdesk.wav","44100","2","unknown"
"D:\Three-D-Velocity\TDV\Three-D-Velocity-Binaries\s\fdeskd.wav","44100","2","unknown"
"D:\Three-D-Velocity\TDV\Three-D-Velocity-Binaries\s\fdie1.wav","44100","2","unknown"
"D:\Three-D-Velocity\TDV\Three-D-Velocity-Binaries\s\fdie2.wav","44100","2","unknown"
"D:\Three-D-Velocity\TDV\Three-D-Velocity-Binaries\s\fdie3.wav","44100","2","unknown"
"D:\Three-D-Velocity\TDV\Three-D-Velocity-Binaries\s\ffbd.ogg","44100","2","stereo"
"D:\Three-D-Velocity\TDV\Three-D-Velocity-Binaries\s\fg1.wav","44100","2","unknown"
"D:\Three-D-Velocity\TDV\Three-D-Velocity-Binaries\s\fi1.wav","44100","2","unknown"
"D:\Three-D-Velocity\TDV\Three-D-Velocity-Binaries\s\fi2.wav","44100","2","unknown"
"D:\Three-D-Velocity\TDV\Three-D-Velocity-Binaries\s\fi3.wav","44100","2","unknown"
"D:\Three-D-Velocity\TDV\Three-D-Velocity-Binaries\s\fi4.wav","44100","2","unknown"
"D:\Three-D-Velocity\TDV\Three-D-Velocity-Binaries\s\fl1.wav","44100","2","unknown"
"D:\Three-D-Velocity\TDV\Three-D-Velocity-Binaries\s\fl2.wav","44100","2","unknown"
"D:\Three-D-Velocity\TDV\Three-D-Velocity-Binaries\s\fl3.wav","44100","2","unknown"
"D:\Three-D-Velocity\TDV\Three-D-Velocity-Binaries\s\fl4.wav","44100","2","unknown"
"D:\Three-D-Velocity\TDV\Three-D-Velocity-Binaries\s\fo1.wav","44100","2","unknown"
"D:\Three-D-Velocity\TDV\Three-D-Velocity-Binaries\s\fo2.wav","44100","2","unknown"
"D:\Three-D-Velocity\TDV\Three-D-Velocity-Binaries\s\fox1.wav","44100","2","unknown"
"D:\Three-D-Velocity\TDV\Three-D-Velocity-Binaries\s\fox2.wav","44100","2","unknown"
"D:\Three-D-Velocity\TDV\Three-D-Velocity-Binaries\s\fox3.wav","44100","2","unknown"
"D:\Three-D-Velocity\TDV\Three-D-Velocity-Binaries\s\fox4.wav","44100","2","unknown"
"D:\Three-D-Velocity\TDV\Three-D-Velocity-Binaries\s\fox5.wav","44100","2","unknown"
"D:\Three-D-Velocity\TDV\Three-D-Velocity-Binaries\s\fox6.wav","44100","2","unknown"
"D:\Three-D-Velocity\TDV\Three-D-Velocity-Binaries\s\fox7.wav","44100","2","unknown"
"D:\Three-D-Velocity\TDV\Three-D-Velocity-Binaries\s\fox8.wav","44100","2","unknown"
"D:\Three-D-Velocity\TDV\Three-D-Velocity-Binaries\s\fp-21.wav","44100","2","unknown"
"D:\Three-D-Velocity\TDV\Three-D-Velocity-Binaries\s\fp-22.wav","44100","2","unknown"
"D:\Three-D-Velocity\TDV\Three-D-Velocity-Binaries\s\fp-23.wav","44100","2","unknown"
"D:\Three-D-Velocity\TDV\Three-D-Velocity-Binaries\s\fp-24.wav","44100","2","unknown"
"D:\Three-D-Velocity\TDV\Three-D-Velocity-Binaries\s\fp1.wav","44100","2","unknown"
"D:\Three-D-Velocity\TDV\Three-D-Velocity-Binaries\s\fp11.wav","44100","2","unknown"
"D:\Three-D-Velocity\TDV\Three-D-Velocity-Binaries\s\fp12.wav","44100","2","unknown"
"D:\Three-D-Velocity\TDV\Three-D-Velocity-Binaries\s\fp13.wav","44100","2","unknown"
"D:\Three-D-Velocity\TDV\Three-D-Velocity-Binaries\s\fp14.wav","44100","2","unknown"
"D:\Three-D-Velocity\TDV\Three-D-Velocity-Binaries\s\fp2.wav","44100","2","unknown"
"D:\Three-D-Velocity\TDV\Three-D-Velocity-Binaries\s\fp3.wav","44100","2","unknown"
"D:\Three-D-Velocity\TDV\Three-D-Velocity-Binaries\s\fp4.wav","44100","2","unknown"
"D:\Three-D-Velocity\TDV\Three-D-Velocity-Binaries\s\fsandbar.wav","44100","2","unknown"
"D:\Three-D-Velocity\TDV\Three-D-Velocity-Binaries\s\fshelf.wav","44100","2","unknown"
"D:\Three-D-Velocity\TDV\Three-D-Velocity-Binaries\s\fshelfd.wav","44100","2","unknown"
"D:\Three-D-Velocity\TDV\Three-D-Velocity-Binaries\s\fstun.wav","44100","2","unknown"
"D:\Three-D-Velocity\TDV\Three-D-Velocity-Binaries\s\fsw-21.wav","44100","2","unknown"
"D:\Three-D-Velocity\TDV\Three-D-Velocity-Binaries\s\fsw-22.wav","44100","2","unknown"
"D:\Three-D-Velocity\TDV\Three-D-Velocity-Binaries\s\fsw-23.wav","44100","2","unknown"
"D:\Three-D-Velocity\TDV\Three-D-Velocity-Binaries\s\fsw1.wav","44100","2","unknown"
"D:\Three-D-Velocity\TDV\Three-D-Velocity-Binaries\s\fsw11.wav","44100","2","unknown"
"D:\Three-D-Velocity\TDV\Three-D-Velocity-Binaries\s\fsw12.wav","44100","2","unknown"
"D:\Three-D-Velocity\TDV\Three-D-Velocity-Binaries\s\fsw13.wav","44100","2","unknown"
"D:\Three-D-Velocity\TDV\Three-D-Velocity-Binaries\s\fsw2.wav","44100","2","unknown"
"D:\Three-D-Velocity\TDV\Three-D-Velocity-Binaries\s\fsw3.wav","44100","2","unknown"
"D:\Three-D-Velocity\TDV\Three-D-Velocity-Binaries\s\ft1.wav","44100","2","unknown"
"D:\Three-D-Velocity\TDV\Three-D-Velocity-Binaries\s\ft11.wav","44100","2","unknown"
"D:\Three-D-Velocity\TDV\Three-D-Velocity-Binaries\s\ft12.wav","44100","2","unknown"
"D:\Three-D-Velocity\TDV\Three-D-Velocity-Binaries\s\ft2.wav","44100","2","unknown"
"D:\Three-D-Velocity\TDV\Three-D-Velocity-Binaries\s\ft21.wav","44100","2","unknown"
"D:\Three-D-Velocity\TDV\Three-D-Velocity-Binaries\s\ft3.wav","44100","2","unknown"
"D:\Three-D-Velocity\TDV\Three-D-Velocity-Binaries\s\fwall.wav","44100","2","unknown"
"D:\Three-D-Velocity\TDV\Three-D-Velocity-Binaries\s\fwreckage.wav","44100","2","unknown"
"D:\Three-D-Velocity\TDV\Three-D-Velocity-Binaries\s\gland1.ogg","44100","2","stereo"
"D:\Three-D-Velocity\TDV\Three-D-Velocity-Binaries\s\gland2.ogg","44100","2","stereo"
"D:\Three-D-Velocity\TDV\Three-D-Velocity-Binaries\s\gland3.ogg","44100","2","stereo"
"D:\Three-D-Velocity\TDV\Three-D-Velocity-Binaries\s\gm.ogg","44100","2","stereo"
"D:\Three-D-Velocity\TDV\Three-D-Velocity-Binaries\s\gun1-1.wav","44100","2","unknown"
"D:\Three-D-Velocity\TDV\Three-D-Velocity-Binaries\s\gun1-2.wav","44100","2","unknown"
"D:\Three-D-Velocity\TDV\Three-D-Velocity-Binaries\s\gun1-3.wav","44100","2","unknown"
"D:\Three-D-Velocity\TDV\Three-D-Velocity-Binaries\s\gun1-4.wav","44100","2","unknown"
"D:\Three-D-Velocity\TDV\Three-D-Velocity-Binaries\s\gun1-5.wav","44100","2","unknown"
"D:\Three-D-Velocity\TDV\Three-D-Velocity-Binaries\s\gun1.wav","44100","2","unknown"
"D:\Three-D-Velocity\TDV\Three-D-Velocity-Binaries\s\h1.wav","44100","2","unknown"
"D:\Three-D-Velocity\TDV\Three-D-Velocity-Binaries\s\h2.wav","44100","2","unknown"
"D:\Three-D-Velocity\TDV\Three-D-Velocity-Binaries\s\hb.wav","44100","2","unknown"
"D:\Three-D-Velocity\TDV\Three-D-Velocity-Binaries\s\hc.wav","44100","2","unknown"
"D:\Three-D-Velocity\TDV\Three-D-Velocity-Binaries\s\hc1.ogg","44100","2","stereo"
"D:\Three-D-Velocity\TDV\Three-D-Velocity-Binaries\s\hd.wav","44100","2","unknown"
"D:\Three-D-Velocity\TDV\Three-D-Velocity-Binaries\s\he11.wav","44100","2","unknown"
"D:\Three-D-Velocity\TDV\Three-D-Velocity-Binaries\s\he111.wav","44100","2","unknown"
"D:\Three-D-Velocity\TDV\Three-D-Velocity-Binaries\s\he12.wav","44100","2","unknown"
"D:\Three-D-Velocity\TDV\Three-D-Velocity-Binaries\s\he21.wav","44100","2","unknown"
"D:\Three-D-Velocity\TDV\Three-D-Velocity-Binaries\s\he22.wav","44100","2","unknown"
"D:\Three-D-Velocity\TDV\Three-D-Velocity-Binaries\s\he31.wav","44100","2","unknown"
"D:\Three-D-Velocity\TDV\Three-D-Velocity-Binaries\s\he32.wav","44100","2","unknown"
"D:\Three-D-Velocity\TDV\Three-D-Velocity-Binaries\s\he41.wav","44100","2","unknown"
"D:\Three-D-Velocity\TDV\Three-D-Velocity-Binaries\s\he51.wav","44100","2","unknown"
"D:\Three-D-Velocity\TDV\Three-D-Velocity-Binaries\s\he52.wav","44100","2","unknown"
"D:\Three-D-Velocity\TDV\Three-D-Velocity-Binaries\s\he53.wav","44100","2","unknown"
"D:\Three-D-Velocity\TDV\Three-D-Velocity-Binaries\s\he54.wav","44100","2","unknown"
"D:\Three-D-Velocity\TDV\Three-D-Velocity-Binaries\s\he61.wav","44100","2","unknown"
"D:\Three-D-Velocity\TDV\Three-D-Velocity-Binaries\s\he62.wav","44100","2","unknown"
"D:\Three-D-Velocity\TDV\Three-D-Velocity-Binaries\s\he71.wav","44100","2","unknown"
"D:\Three-D-Velocity\TDV\Three-D-Velocity-Binaries\s\he72.wav","44100","2","unknown"
"D:\Three-D-Velocity\TDV\Three-D-Velocity-Binaries\s\he73.wav","44100","2","unknown"
"D:\Three-D-Velocity\TDV\Three-D-Velocity-Binaries\s\he74.wav","44100","2","unknown"
"D:\Three-D-Velocity\TDV\Three-D-Velocity-Binaries\s\he75.wav","44100","2","unknown"
"D:\Three-D-Velocity\TDV\Three-D-Velocity-Binaries\s\hf.ogg","44100","2","stereo"
"D:\Three-D-Velocity\TDV\Three-D-Velocity-Binaries\s\hg1.ogg","44100","2","stereo"
"D:\Three-D-Velocity\TDV\Three-D-Velocity-Binaries\s\hg2.wav","44100","2","unknown"
"D:\Three-D-Velocity\TDV\Three-D-Velocity-Binaries\s\hh1.ogg","44100","2","stereo"
"D:\Three-D-Velocity\TDV\Three-D-Velocity-Binaries\s\hh2.wav","44100","2","unknown"
"D:\Three-D-Velocity\TDV\Three-D-Velocity-Binaries\s\hh3.wav","44100","2","unknown"
"D:\Three-D-Velocity\TDV\Three-D-Velocity-Binaries\s\hs1.ogg","44100","2","stereo"
"D:\Three-D-Velocity\TDV\Three-D-Velocity-Binaries\s\hs2.ogg","44100","2","stereo"
"D:\Three-D-Velocity\TDV\Three-D-Velocity-Binaries\s\iaoa1_j.ogg","44100","2","stereo"
"D:\Three-D-Velocity\TDV\Three-D-Velocity-Binaries\s\iaoa1_k.ogg","44100","2","stereo"
"D:\Three-D-Velocity\TDV\Three-D-Velocity-Binaries\s\iaoa2.ogg","44100","2","stereo"
"D:\Three-D-Velocity\TDV\Three-D-Velocity-Binaries\s\iaoa3.ogg","44100","2","stereo"
"D:\Three-D-Velocity\TDV\Three-D-Velocity-Binaries\s\iaoa4_j.ogg","44100","2","stereo"
"D:\Three-D-Velocity\TDV\Three-D-Velocity-Binaries\s\iaoa4_k.ogg","44100","2","stereo"
"D:\Three-D-Velocity\TDV\Three-D-Velocity-Binaries\s\iaoa5.ogg","44100","2","stereo"
"D:\Three-D-Velocity\TDV\Three-D-Velocity-Binaries\s\i_brt30_j.ogg","44100","2","stereo"
"D:\Three-D-Velocity\TDV\Three-D-Velocity-Binaries\s\i_brt30_k.ogg","44100","2","stereo"
"D:\Three-D-Velocity\TDV\Three-D-Velocity-Binaries\s\i_br_j.ogg","44100","2","stereo"
"D:\Three-D-Velocity\TDV\Three-D-Velocity-Binaries\s\i_br_k.ogg","44100","2","stereo"
"D:\Three-D-Velocity\TDV\Three-D-Velocity-Binaries\s\i_ctr1-_j.ogg","44100","2","stereo"
"D:\Three-D-Velocity\TDV\Three-D-Velocity-Binaries\s\i_ctr1-_k.ogg","44100","2","stereo"
"D:\Three-D-Velocity\TDV\Three-D-Velocity-Binaries\s\i_ctr2-_j.ogg","44100","2","stereo"
"D:\Three-D-Velocity\TDV\Three-D-Velocity-Binaries\s\i_ctr2-_k.ogg","44100","2","stereo"
"D:\Three-D-Velocity\TDV\Three-D-Velocity-Binaries\s\i_hc_j.ogg","44100","2","stereo"
"D:\Three-D-Velocity\TDV\Three-D-Velocity-Binaries\s\i_hc_k.ogg","44100","2","stereo"
"D:\Three-D-Velocity\TDV\Three-D-Velocity-Binaries\s\i_hs_j.ogg","44100","2","stereo"
"D:\Three-D-Velocity\TDV\Three-D-Velocity-Binaries\s\i_hs_k.ogg","44100","2","stereo"
"D:\Three-D-Velocity\TDV\Three-D-Velocity-Binaries\s\i_l1_j.ogg","44100","2","stereo"
"D:\Three-D-Velocity\TDV\Three-D-Velocity-Binaries\s\i_l1_k.ogg","44100","2","stereo"
"D:\Three-D-Velocity\TDV\Three-D-Velocity-Binaries\s\i_ss1_j.ogg","44100","2","stereo"
"D:\Three-D-Velocity\TDV\Three-D-Velocity-Binaries\s\i_ss1_k.ogg","44100","2","stereo"
"D:\Three-D-Velocity\TDV\Three-D-Velocity-Binaries\s\j5-1.ogg","44100","2","stereo"
"D:\Three-D-Velocity\TDV\Three-D-Velocity-Binaries\s\j5-2.ogg","44100","2","stereo"
"D:\Three-D-Velocity\TDV\Three-D-Velocity-Binaries\s\kf11.ogg","44100","2","stereo"
"D:\Three-D-Velocity\TDV\Three-D-Velocity-Binaries\s\kf21.ogg","44100","2","stereo"
"D:\Three-D-Velocity\TDV\Three-D-Velocity-Binaries\s\kf22.ogg","44100","2","stereo"
"D:\Three-D-Velocity\TDV\Three-D-Velocity-Binaries\s\kf31.ogg","44100","2","stereo"
"D:\Three-D-Velocity\TDV\Three-D-Velocity-Binaries\s\kf32.ogg","44100","2","stereo"
"D:\Three-D-Velocity\TDV\Three-D-Velocity-Binaries\s\kf33.ogg","44100","2","stereo"
"D:\Three-D-Velocity\TDV\Three-D-Velocity-Binaries\s\kf34_j.ogg","44100","2","stereo"
"D:\Three-D-Velocity\TDV\Three-D-Velocity-Binaries\s\kf34_k.ogg","44100","2","stereo"
"D:\Three-D-Velocity\TDV\Three-D-Velocity-Binaries\s\kf35.ogg","44100","2","stereo"
"D:\Three-D-Velocity\TDV\Three-D-Velocity-Binaries\s\l.wav","44100","2","unknown"
"D:\Three-D-Velocity\TDV\Three-D-Velocity-Binaries\s\l11_j.ogg","44100","2","stereo"
"D:\Three-D-Velocity\TDV\Three-D-Velocity-Binaries\s\l2.wav","44100","2","unknown"
"D:\Three-D-Velocity\TDV\Three-D-Velocity-Binaries\s\land1.ogg","44100","2","stereo"
"D:\Three-D-Velocity\TDV\Three-D-Velocity-Binaries\s\lk0.wav","44100","2","unknown"
"D:\Three-D-Velocity\TDV\Three-D-Velocity-Binaries\s\lk1.wav","44100","2","unknown"
"D:\Three-D-Velocity\TDV\Three-D-Velocity-Binaries\s\lo1-1_j.ogg","44100","2","stereo"
"D:\Three-D-Velocity\TDV\Three-D-Velocity-Binaries\s\lo1-1_k.ogg","44100","2","stereo"
"D:\Three-D-Velocity\TDV\Three-D-Velocity-Binaries\s\lo2-1.ogg","44100","2","stereo"
"D:\Three-D-Velocity\TDV\Three-D-Velocity-Binaries\s\lo2-2_j.ogg","44100","2","stereo"
"D:\Three-D-Velocity\TDV\Three-D-Velocity-Binaries\s\lo2-2_k.ogg","44100","2","stereo"
"D:\Three-D-Velocity\TDV\Three-D-Velocity-Binaries\s\lo3-1.ogg","44100","2","stereo"
"D:\Three-D-Velocity\TDV\Three-D-Velocity-Binaries\s\loahd1_j.ogg","44100","2","stereo"
"D:\Three-D-Velocity\TDV\Three-D-Velocity-Binaries\s\loahd1_k.ogg","44100","2","stereo"
"D:\Three-D-Velocity\TDV\Three-D-Velocity-Binaries\s\lof1-1.ogg","44100","2","stereo"
"D:\Three-D-Velocity\TDV\Three-D-Velocity-Binaries\s\lof1-2_j.ogg","44100","2","stereo"
"D:\Three-D-Velocity\TDV\Three-D-Velocity-Binaries\s\lof1-2_k.ogg","44100","2","stereo"
"D:\Three-D-Velocity\TDV\Three-D-Velocity-Binaries\s\lof1-3.ogg","44100","2","stereo"
"D:\Three-D-Velocity\TDV\Three-D-Velocity-Binaries\s\lof1-4_j.ogg","44100","2","stereo"
"D:\Three-D-Velocity\TDV\Three-D-Velocity-Binaries\s\lof1-4_k.ogg","44100","2","stereo"
"D:\Three-D-Velocity\TDV\Three-D-Velocity-Binaries\s\lof1-5.ogg","44100","2","stereo"
"D:\Three-D-Velocity\TDV\Three-D-Velocity-Binaries\s\lof1-6_j.ogg","44100","2","stereo"
"D:\Three-D-Velocity\TDV\Three-D-Velocity-Binaries\s\lof1-6_k.ogg","44100","2","stereo"
"D:\Three-D-Velocity\TDV\Three-D-Velocity-Binaries\s\lof1-7.ogg","44100","2","stereo"
"D:\Three-D-Velocity\TDV\Three-D-Velocity-Binaries\s\lof1-8_j.ogg","44100","2","stereo"
"D:\Three-D-Velocity\TDV\Three-D-Velocity-Binaries\s\lof1-8_k.ogg","44100","2","stereo"
"D:\Three-D-Velocity\TDV\Three-D-Velocity-Binaries\s\lv1.wav","44100","2","unknown"
"D:\Three-D-Velocity\TDV\Three-D-Velocity-Binaries\s\lv2.wav","44100","2","unknown"
"D:\Three-D-Velocity\TDV\Three-D-Velocity-Binaries\s\m1-1.ogg","44100","2","stereo"
"D:\Three-D-Velocity\TDV\Three-D-Velocity-Binaries\s\m1.wav","44100","2","unknown"
"D:\Three-D-Velocity\TDV\Three-D-Velocity-Binaries\s\m2.wav","44100","2","unknown"
"D:\Three-D-Velocity\TDV\Three-D-Velocity-Binaries\s\m3-1.wav","44100","2","unknown"
"D:\Three-D-Velocity\TDV\Three-D-Velocity-Binaries\s\m3-2.wav","44100","2","unknown"
"D:\Three-D-Velocity\TDV\Three-D-Velocity-Binaries\s\m3-3.wav","44100","2","unknown"
"D:\Three-D-Velocity\TDV\Three-D-Velocity-Binaries\s\m4-1.wav","44100","2","unknown"
"D:\Three-D-Velocity\TDV\Three-D-Velocity-Binaries\s\mc1.wav","44100","2","unknown"
"D:\Three-D-Velocity\TDV\Three-D-Velocity-Binaries\s\mc2.wav","44100","2","unknown"
"D:\Three-D-Velocity\TDV\Three-D-Velocity-Binaries\s\mc3.wav","44100","2","unknown"
"D:\Three-D-Velocity\TDV\Three-D-Velocity-Binaries\s\menumove.wav","44100","2","unknown"
"D:\Three-D-Velocity\TDV\Three-D-Velocity-Binaries\s\mf1a1.ogg","44100","2","stereo"
"D:\Three-D-Velocity\TDV\Three-D-Velocity-Binaries\s\mi1.ogg","44100","2","stereo"
"D:\Three-D-Velocity\TDV\Three-D-Velocity-Binaries\s\mi2.ogg","44100","2","stereo"
"D:\Three-D-Velocity\TDV\Three-D-Velocity-Binaries\s\missileIncoming.wav","44100","2","unknown"
"D:\Three-D-Velocity\TDV\Three-D-Velocity-Binaries\s\ms1.ogg","44100","2","stereo"
"D:\Three-D-Velocity\TDV\Three-D-Velocity-Binaries\s\ms10.ogg","44100","2","stereo"
"D:\Three-D-Velocity\TDV\Three-D-Velocity-Binaries\s\ms2-1.ogg","44100","2","stereo"
"D:\Three-D-Velocity\TDV\Three-D-Velocity-Binaries\s\ms2-2.ogg","44100","2","stereo"
"D:\Three-D-Velocity\TDV\Three-D-Velocity-Binaries\s\ms3.ogg","44100","2","stereo"
"D:\Three-D-Velocity\TDV\Three-D-Velocity-Binaries\s\ms4-1.ogg","44100","2","stereo"
"D:\Three-D-Velocity\TDV\Three-D-Velocity-Binaries\s\ms4-2.ogg","44100","2","stereo"
"D:\Three-D-Velocity\TDV\Three-D-Velocity-Binaries\s\ms4-3.ogg","44100","2","stereo"
"D:\Three-D-Velocity\TDV\Three-D-Velocity-Binaries\s\ms5.ogg","44100","2","stereo"
"D:\Three-D-Velocity\TDV\Three-D-Velocity-Binaries\s\ms6.ogg","44100","2","stereo"
"D:\Three-D-Velocity\TDV\Three-D-Velocity-Binaries\s\ms7.ogg","44100","2","stereo"
"D:\Three-D-Velocity\TDV\Three-D-Velocity-Binaries\s\ms8.ogg","44100","2","stereo"
"D:\Three-D-Velocity\TDV\Three-D-Velocity-Binaries\s\ms9.ogg","44100","2","stereo"
"D:\Three-D-Velocity\TDV\Three-D-Velocity-Binaries\s\o0.ogg","44100","2","stereo"
"D:\Three-D-Velocity\TDV\Three-D-Velocity-Binaries\s\o1.ogg","44100","2","stereo"
"D:\Three-D-Velocity\TDV\Three-D-Velocity-Binaries\s\o10.ogg","44100","2","stereo"
"D:\Three-D-Velocity\TDV\Three-D-Velocity-Binaries\s\o11.ogg","44100","2","stereo"
"D:\Three-D-Velocity\TDV\Three-D-Velocity-Binaries\s\o2.ogg","44100","2","stereo"
"D:\Three-D-Velocity\TDV\Three-D-Velocity-Binaries\s\o3.ogg","44100","2","stereo"
"D:\Three-D-Velocity\TDV\Three-D-Velocity-Binaries\s\o4.ogg","44100","2","stereo"
"D:\Three-D-Velocity\TDV\Three-D-Velocity-Binaries\s\o5-1.ogg","44100","2","stereo"
"D:\Three-D-Velocity\TDV\Three-D-Velocity-Binaries\s\o5-2.ogg","44100","2","stereo"
"D:\Three-D-Velocity\TDV\Three-D-Velocity-Binaries\s\o5.ogg","44100","2","stereo"
"D:\Three-D-Velocity\TDV\Three-D-Velocity-Binaries\s\o6.ogg","44100","2","stereo"
"D:\Three-D-Velocity\TDV\Three-D-Velocity-Binaries\s\o7.ogg","44100","2","stereo"
"D:\Three-D-Velocity\TDV\Three-D-Velocity-Binaries\s\o8.ogg","44100","2","stereo"
"D:\Three-D-Velocity\TDV\Three-D-Velocity-Binaries\s\o9.ogg","44100","2","stereo"
"D:\Three-D-Velocity\TDV\Three-D-Velocity-Binaries\s\p0.wav","44100","2","unknown"
"D:\Three-D-Velocity\TDV\Three-D-Velocity-Binaries\s\p1.wav","44100","2","unknown"
"D:\Three-D-Velocity\TDV\Three-D-Velocity-Binaries\s\pig1.ogg","44100","2","stereo"
"D:\Three-D-Velocity\TDV\Three-D-Velocity-Binaries\s\pig2.ogg","44100","2","stereo"
"D:\Three-D-Velocity\TDV\Three-D-Velocity-Binaries\s\pig3.ogg","44100","2","stereo"
"D:\Three-D-Velocity\TDV\Three-D-Velocity-Binaries\s\pig4_j.ogg","44100","2","stereo"
"D:\Three-D-Velocity\TDV\Three-D-Velocity-Binaries\s\pig4_k.ogg","44100","2","stereo"
"D:\Three-D-Velocity\TDV\Three-D-Velocity-Binaries\s\rad.wav","44100","2","unknown"
"D:\Three-D-Velocity\TDV\Three-D-Velocity-Binaries\s\rad2.wav","44100","2","unknown"
"D:\Three-D-Velocity\TDV\Three-D-Velocity-Binaries\s\rf0.wav","44100","2","unknown"
"D:\Three-D-Velocity\TDV\Three-D-Velocity-Binaries\s\rf10.wav","44100","2","unknown"
"D:\Three-D-Velocity\TDV\Three-D-Velocity-Binaries\s\rf11.ogg","44100","2","stereo"
"D:\Three-D-Velocity\TDV\Three-D-Velocity-Binaries\s\rf12.wav","44100","2","unknown"
"D:\Three-D-Velocity\TDV\Three-D-Velocity-Binaries\s\rf13.wav","44100","2","unknown"
"D:\Three-D-Velocity\TDV\Three-D-Velocity-Binaries\s\rf14.wav","44100","2","unknown"
"D:\Three-D-Velocity\TDV\Three-D-Velocity-Binaries\s\rf2.wav","44100","2","unknown"
"D:\Three-D-Velocity\TDV\Three-D-Velocity-Binaries\s\rf3.wav","44100","2","unknown"
"D:\Three-D-Velocity\TDV\Three-D-Velocity-Binaries\s\rf4.wav","44100","2","unknown"
"D:\Three-D-Velocity\TDV\Three-D-Velocity-Binaries\s\rf5.wav","44100","2","unknown"
"D:\Three-D-Velocity\TDV\Three-D-Velocity-Binaries\s\rf6.wav","44100","2","unknown"
"D:\Three-D-Velocity\TDV\Three-D-Velocity-Binaries\s\rf7.wav","44100","2","unknown"
"D:\Three-D-Velocity\TDV\Three-D-Velocity-Binaries\s\rf8.wav","44100","2","unknown"
"D:\Three-D-Velocity\TDV\Three-D-Velocity-Binaries\s\rf9.wav","44100","2","unknown"
"D:\Three-D-Velocity\TDV\Three-D-Velocity-Binaries\s\ri.ogg","44100","2","stereo"
"D:\Three-D-Velocity\TDV\Three-D-Velocity-Binaries\s\rl1.ogg","44100","2","stereo"
"D:\Three-D-Velocity\TDV\Three-D-Velocity-Binaries\s\rl2.ogg","44100","2","stereo"
"D:\Three-D-Velocity\TDV\Three-D-Velocity-Binaries\s\rl3.ogg","44100","2","stereo"
"D:\Three-D-Velocity\TDV\Three-D-Velocity-Binaries\s\rl4.ogg","44100","2","stereo"
"D:\Three-D-Velocity\TDV\Three-D-Velocity-Binaries\s\rl5.ogg","44100","2","stereo"
"D:\Three-D-Velocity\TDV\Three-D-Velocity-Binaries\s\rl6.ogg","44100","2","stereo"
"D:\Three-D-Velocity\TDV\Three-D-Velocity-Binaries\s\rv.ogg","44100","2","stereo"
"D:\Three-D-Velocity\TDV\Three-D-Velocity-Binaries\s\sa1.ogg","44100","2","stereo"
"D:\Three-D-Velocity\TDV\Three-D-Velocity-Binaries\s\score.wav","44100","2","unknown"
"D:\Three-D-Velocity\TDV\Three-D-Velocity-Binaries\s\sd1.ogg","44100","2","stereo"
"D:\Three-D-Velocity\TDV\Three-D-Velocity-Binaries\s\sd2.ogg","44100","2","stereo"
"D:\Three-D-Velocity\TDV\Three-D-Velocity-Binaries\s\speakertest.ogg","44100","2","stereo"
"D:\Three-D-Velocity\TDV\Three-D-Velocity-Binaries\s\ss11.ogg","44100","2","stereo"
"D:\Three-D-Velocity\TDV\Three-D-Velocity-Binaries\s\ss12.ogg","44100","2","stereo"
"D:\Three-D-Velocity\TDV\Three-D-Velocity-Binaries\s\ss13.ogg","44100","2","stereo"
"D:\Three-D-Velocity\TDV\Three-D-Velocity-Binaries\s\ss14.ogg","44100","2","stereo"
"D:\Three-D-Velocity\TDV\Three-D-Velocity-Binaries\s\ss15_j.ogg","44100","2","stereo"
"D:\Three-D-Velocity\TDV\Three-D-Velocity-Binaries\s\ss15_k.ogg","44100","2","stereo"
"D:\Three-D-Velocity\TDV\Three-D-Velocity-Binaries\s\ss21.ogg","44100","2","stereo"
"D:\Three-D-Velocity\TDV\Three-D-Velocity-Binaries\s\stof1-1.ogg","44100","2","stereo"
"D:\Three-D-Velocity\TDV\Three-D-Velocity-Binaries\s\stof2-1.ogg","44100","2","stereo"
"D:\Three-D-Velocity\TDV\Three-D-Velocity-Binaries\s\stof2-2.ogg","44100","2","stereo"
"D:\Three-D-Velocity\TDV\Three-D-Velocity-Binaries\s\stsw1.ogg","44100","2","stereo"
"D:\Three-D-Velocity\TDV\Three-D-Velocity-Binaries\s\su.ogg","44100","2","stereo"
"D:\Three-D-Velocity\TDV\Three-D-Velocity-Binaries\s\tbu1.ogg","44100","2","stereo"
"D:\Three-D-Velocity\TDV\Three-D-Velocity-Binaries\s\tbu2.ogg","44100","2","stereo"
"D:\Three-D-Velocity\TDV\Three-D-Velocity-Binaries\s\tbu3.ogg","44100","2","stereo"
"D:\Three-D-Velocity\TDV\Three-D-Velocity-Binaries\s\tdvl.ogg","44100","2","stereo"
"D:\Three-D-Velocity\TDV\Three-D-Velocity-Binaries\s\thrpos.wav","44100","2","unknown"
"D:\Three-D-Velocity\TDV\Three-D-Velocity-Binaries\s\tir.ogg","44100","2","stereo"
"D:\Three-D-Velocity\TDV\Three-D-Velocity-Binaries\s\to1.ogg","44100","2","stereo"
"D:\Three-D-Velocity\TDV\Three-D-Velocity-Binaries\s\to2.ogg","44100","2","stereo"
"D:\Three-D-Velocity\TDV\Three-D-Velocity-Binaries\s\to3.ogg","44100","2","stereo"
"D:\Three-D-Velocity\TDV\Three-D-Velocity-Binaries\s\to4_j.ogg","44100","2","stereo"
"D:\Three-D-Velocity\TDV\Three-D-Velocity-Binaries\s\to4_k.ogg","44100","2","stereo"
"D:\Three-D-Velocity\TDV\Three-D-Velocity-Binaries\s\toa1-1.ogg","44100","2","stereo"
"D:\Three-D-Velocity\TDV\Three-D-Velocity-Binaries\s\toa1-2_j.ogg","44100","2","stereo"
"D:\Three-D-Velocity\TDV\Three-D-Velocity-Binaries\s\toa1-2_k.ogg","44100","2","stereo"
"D:\Three-D-Velocity\TDV\Three-D-Velocity-Binaries\s\toa1-3.ogg","44100","2","stereo"
"D:\Three-D-Velocity\TDV\Three-D-Velocity-Binaries\s\toa1-4_j.ogg","44100","2","stereo"
"D:\Three-D-Velocity\TDV\Three-D-Velocity-Binaries\s\toa1-4_k.ogg","44100","2","stereo"
"D:\Three-D-Velocity\TDV\Three-D-Velocity-Binaries\s\toa1-5.ogg","44100","2","stereo"
"D:\Three-D-Velocity\TDV\Three-D-Velocity-Binaries\s\toa1-6.ogg","44100","2","stereo"
"D:\Three-D-Velocity\TDV\Three-D-Velocity-Binaries\s\toa1-7.ogg","44100","2","stereo"
"D:\Three-D-Velocity\TDV\Three-D-Velocity-Binaries\s\toa2-1.ogg","44100","2","stereo"
"D:\Three-D-Velocity\TDV\Three-D-Velocity-Binaries\s\toa2-2_j.ogg","44100","2","stereo"
"D:\Three-D-Velocity\TDV\Three-D-Velocity-Binaries\s\toa2-2_k.ogg","44100","2","stereo"
"D:\Three-D-Velocity\TDV\Three-D-Velocity-Binaries\s\tog1.ogg","44100","2","stereo"
"D:\Three-D-Velocity\TDV\Three-D-Velocity-Binaries\s\tt01.ogg","44100","2","stereo"
"D:\Three-D-Velocity\TDV\Three-D-Velocity-Binaries\s\tt02_j.ogg","44100","2","stereo"
"D:\Three-D-Velocity\TDV\Three-D-Velocity-Binaries\s\tt02_k.ogg","44100","2","stereo"
"D:\Three-D-Velocity\TDV\Three-D-Velocity-Binaries\s\tu1.ogg","44100","2","stereo"
"D:\Three-D-Velocity\TDV\Three-D-Velocity-Binaries\s\tu2_j.ogg","44100","2","stereo"
"D:\Three-D-Velocity\TDV\Three-D-Velocity-Binaries\s\tu2_k.ogg","44100","2","stereo"
"D:\Three-D-Velocity\TDV\Three-D-Velocity-Binaries\s\v1.ogg","44100","2","stereo"
"D:\Three-D-Velocity\TDV\Three-D-Velocity-Binaries\s\v2.ogg","44100","2","stereo"
"D:\Three-D-Velocity\TDV\Three-D-Velocity-Binaries\s\v3.ogg","44100","2","stereo"
"D:\Three-D-Velocity\TDV\Three-D-Velocity-Binaries\s\v4.ogg","44100","2","stereo"
"D:\Three-D-Velocity\TDV\Three-D-Velocity-Binaries\s\v5.ogg","44100","2","stereo"
"D:\Three-D-Velocity\TDV\Three-D-Velocity-Binaries\s\v6.ogg","44100","2","stereo"
"D:\Three-D-Velocity\TDV\Three-D-Velocity-Binaries\s\vl1.ogg","44100","2","stereo"
"D:\Three-D-Velocity\TDV\Three-D-Velocity-Binaries\s\vl2.ogg","44100","2","stereo"
"D:\Three-D-Velocity\TDV\Three-D-Velocity-Binaries\s\w0.wav","44100","2","unknown"
"D:\Three-D-Velocity\TDV\Three-D-Velocity-Binaries\s\w1.wav","44100","2","unknown"
"D:\Three-D-Velocity\TDV\Three-D-Velocity-Binaries\s\w2.wav","44100","2","unknown"
"D:\Three-D-Velocity\TDV\Three-D-Velocity-Binaries\s\w3.wav","44100","2","unknown"
"D:\Three-D-Velocity\TDV\Three-D-Velocity-Binaries\s\w4.wav","44100","2","unknown"
"D:\Three-D-Velocity\TDV\Three-D-Velocity-Binaries\s\w5.wav","44100","2","unknown"
"D:\Three-D-Velocity\TDV\Three-D-Velocity-Binaries\s\w6.wav","44100","2","unknown"
"D:\Three-D-Velocity\TDV\Three-D-Velocity-Binaries\s\w7.wav","44100","2","unknown"
"D:\Three-D-Velocity\TDV\Three-D-Velocity-Binaries\s\win.ogg","44100","2","stereo"
"D:\Three-D-Velocity\TDV\Three-D-Velocity-Binaries\s\wind1.wav","44100","2","unknown"
"D:\Three-D-Velocity\TDV\Three-D-Velocity-Binaries\s\wind2.wav","44100","2","unknown"
